uid,gender,age,area
1832205887,1,2,5
1737245804,1,1,0
2157991124,1,0,5
2758890931,0,1,0
1802646764,1,1,3
2689158192,1,2,4
2174872865,1,2,3
2620064335,1,1,1
2384265237,1,1,1
1148490452,1,1,2
1501537123,0,0,2
1824554193,0,1,3
2608359511,1,2,1
1906540813,1,0,5
2551897037,0,1,1
1434980175,1,1,1
3238126224,1,2,7
2392463044,1,0,4
1232357440,1,1,4
1747993413,0,1,2
2414876742,0,2,4
1885606850,1,1,4
1667189253,1,1,1
2339842461,1,1,0
1635599723,0,2,3
2568660411,0,1,0
2566245461,0,1,4
1926567041,1,2,5
1784069294,1,1,1
1371242507,1,1,3
1188663713,1,1,1
2359047693,1,0,1
2470415655,1,0,1
1455054060,1,0,0
2783102842,1,1,1
1569696712,1,1,3
1259665552,0,1,2
1851492211,1,1,2
2554223121,0,1,2
2556475431,1,1,3
2042479307,1,1,3
1060826655,0,0,4
1883901472,1,2,2
2279217071,1,1,1
1373489457,0,2,4
2184314913,0,2,1
1686651900,1,1,4
1781505577,0,1,4
1748702867,1,0,2
1896571557,1,2,4
1859536483,1,2,1
2374993503,1,2,6
2664316803,1,1,1
1430390205,1,1,2
1607785321,1,2,4
1752973321,1,0,5
1594696924,1,1,2
3092571294,1,1,2
2266407050,1,1,4
2631354283,1,0,2
1732334767,1,0,5
1889885897,0,2,0
1241675227,0,1,1
1293478172,1,1,3
1787735945,0,1,1
1350985673,1,1,4
1719632457,0,2,3
1565829113,0,1,2
2797914753,1,2,2
1613108451,1,1,1
1899538205,1,1,2
1316352060,1,1,1
1734094450,0,1,1
1763430721,1,1,1
1224744067,1,0,3
2848417114,0,1,4
2508702183,1,2,1
1898184517,0,1,5
2784471460,1,1,5
3215965367,0,2,1
2336510900,0,1,1
2378075602,1,0,1
1439337317,1,0,3
3288754810,1,2,7
2806229264,1,2,2
1829977841,1,1,7
2425229475,1,2,4
1684765294,0,1,1
2759248172,1,2,2
1950832423,1,2,5
2202863717,1,1,2
1842698572,0,1,2
1326594255,0,1,1
3174853983,0,2,2
2411618371,1,2,5
2975116712,1,0,0
3216975567,1,1,2
1832927052,1,0,5
1995909937,1,1,3
2080820933,1,1,1
1925339215,0,1,1
2219772297,1,2,1
2843238552,1,0,2
1736592633,1,1,2
1825985183,1,1,4
1159199603,1,1,3
1782282487,1,1,5
1761683935,1,0,1
1559697097,1,1,5
2770477853,0,1,1
3065334125,1,1,1
2294964585,1,2,2
1952972557,1,1,1
1189667777,0,1,2
1746538995,1,2,2
1187616800,1,1,5
1876767291,1,2,2
1059811705,0,1,2
1451094090,1,1,4
1906059051,1,2,3
2191691132,0,1,4
1729209245,1,0,6
2598187167,1,2,2
1832445470,1,1,4
2599431412,1,2,2
2270493101,1,1,4
2992931461,1,2,3
1676806131,1,1,2
1914026090,1,1,3
1626113487,1,1,2
2643609971,1,1,4
2879358660,1,0,4
1339179775,1,1,2
2157079812,1,2,2
2910597697,1,2,2
2726708751,1,2,3
2087428181,1,1,2
2678752994,1,1,0
2710229927,1,1,1
1043803151,1,1,2
1837418251,1,1,2
3105189634,1,2,7
1877924947,0,1,0
2635029183,1,1,7
1857171682,0,1,4
2156182452,1,1,2
2729688593,1,1,1
1613643334,0,1,5
2270696340,0,1,5
2361502903,1,1,0
1772586931,1,2,5
1807079774,0,1,1
1740931141,1,2,4
2652985161,1,2,2
1676425347,1,0,4
3194719287,1,1,2
1886524377,0,1,1
1899255095,1,1,4
3107581884,1,2,4
2810340224,1,2,4
1098629377,1,1,3
1240396260,1,1,1
1220516403,1,1,3
2467338307,1,2,1
1183386607,1,1,1
1811481411,1,1,4
2351366965,0,2,2
1144100415,1,1,0
1746656490,0,0,5
2390110793,1,2,0
1777585837,1,1,4
2294934502,1,0,4
1460514640,1,1,1
1438808044,1,2,4
2815062767,1,1,1
2207413394,0,2,0
1885708694,0,1,2
2614267473,0,1,5
1599771051,1,1,4
2243558412,1,0,4
2643005151,0,2,1
1274816355,0,2,3
2174410825,1,2,2
1994910264,1,2,6
1374643444,1,0,3
1686112450,1,1,1
1674191071,1,1,1
2429621573,1,2,4
2387007350,0,2,4
1230529933,1,1,4
1793647445,0,1,2
2549285735,0,0,1
1849808062,1,2,2
2797506562,0,2,4
1781380835,0,1,7
3090068625,1,1,5
1873646092,1,2,4
1408965821,0,0,0
2152487567,1,1,2
2233454743,1,0,1
1652706330,1,1,3
2324394184,1,1,4
2689876495,0,2,4
2269853215,1,1,0
1562605187,1,1,4
2410320191,0,2,7
1253724562,0,1,1
2213316044,1,1,2
1578075153,1,1,2
1933308087,1,2,3
2001101695,0,2,0
1639929350,1,1,1
1877219351,1,2,3
1906072813,1,1,1
2252518402,1,1,6
1352085744,0,1,2
2826671191,1,1,1
1826754485,0,1,0
2201743535,1,2,2
2509548344,1,2,2
1794056354,0,2,1
1807064527,1,2,2
2409011694,0,1,1
1053604635,1,1,1
2183941792,1,0,4
2195074157,1,1,4
1431643293,1,2,0
2345037351,1,0,1
1849913153,0,2,1
1582067643,1,2,0
2794132575,0,1,0
3137492907,1,2,3
1465583350,1,0,1
2314121833,1,0,1
1609567144,1,1,5
2100704481,1,1,2
1415419965,0,1,0
1825555577,1,2,4
2197914831,1,1,1
1966410727,1,2,4
1839813973,1,1,4
1852314980,0,2,1
2708269697,1,2,2
2721977861,1,1,5
2696728562,1,2,5
3181502702,1,0,4
2365562540,0,1,4
1859508022,1,1,1
1348661363,1,1,6
1836235434,1,1,2
1255653507,1,1,7
2439546825,0,2,1
2461181234,1,1,4
3393415554,1,1,2
2599764527,1,2,3
2946762890,0,2,0
2913373103,1,1,7
1880274225,0,1,1
2055045167,0,2,6
1846045190,0,1,2
1863092000,1,2,3
2050062564,0,1,4
1725340015,1,1,4
2950687055,1,1,1
1919788970,1,2,1
2420564437,1,2,1
2712906390,0,1,4
3089315650,1,0,2
2365660992,0,1,3
1784906061,1,2,1
2884317945,1,1,2
2156968545,1,0,6
2704939392,1,1,4
1940832984,1,2,4
2024616497,1,0,1
1900510741,1,1,4
2446490200,1,2,4
1092189222,0,1,4
2098193794,1,2,5
2849084665,0,2,5
2784524840,1,1,1
2796712420,1,2,2
1774111643,1,1,1
2518536917,1,2,4
2085435231,1,2,4
2201667470,1,2,4
1965588952,0,1,1
1872101961,1,1,0
1402577037,1,0,1
1932419574,1,1,2
1765437043,1,1,1
1758246243,1,1,1
1631961193,1,0,0
1749149151,0,0,2
2934129350,0,1,2
2512042087,1,2,3
1470873021,1,1,2
1596416504,1,0,3
2512632042,1,2,3
2621601585,0,1,4
2429289123,1,1,2
1671349997,0,0,3
1904119455,0,1,4
2652449783,1,0,2
2278186020,1,2,2
2325282057,1,1,0
2985865413,0,1,6
2447582687,1,2,2
1146626933,1,1,4
716806,1,1,1
1319465940,1,1,4
2447144960,0,1,1
2174743540,0,2,4
2557244073,1,2,4
1900107197,1,2,3
1740454977,0,1,4
3214752777,0,2,2
2481626311,0,1,4
1481218724,1,1,6
1770678995,1,1,2
2425808512,0,2,2
2434019423,1,1,2
2699471344,1,1,7
2291075214,1,2,3
1660772115,0,2,4
1764272082,1,2,2
1222943007,1,0,2
2858658484,0,2,4
3060631915,1,1,2
1897758057,1,1,3
2364838425,0,1,0
1018758050,1,0,2
1660349210,1,1,2
2219136992,1,2,5
3259998842,1,1,7
2081264187,0,1,3
3190313390,1,1,4
1811401642,1,1,6
1347791024,1,1,1
1479863330,1,1,3
1937435513,1,1,7
2709182477,1,1,4
1577882840,0,1,1
1656634311,1,1,4
1704431677,1,0,1
2556288795,0,2,2
1506805043,1,2,1
2657979557,1,2,6
2864596810,1,2,1
1745478803,0,1,2
1971796875,0,2,1
1098452730,0,1,1
1404024870,0,1,6
2331721460,0,1,2
2347734825,0,1,2
2825821634,0,1,2
2279911467,1,1,2
2673845253,1,1,4
1862630831,1,2,1
2264393035,1,1,2
2122659607,0,2,1
2826745592,1,2,2
1828330544,0,1,2
1767505631,1,0,3
1879552610,0,1,2
2273876401,0,1,2
2431540245,1,0,5
3224253341,0,1,2
2424252015,0,2,1
1830076163,1,0,4
2510126537,1,2,3
1154660451,1,1,4
2369217233,1,1,2
1733810555,0,1,1
2165319224,1,1,2
2831871204,0,1,3
2721416092,1,2,2
2405167273,1,1,2
1805522217,1,0,1
2640708535,0,2,3
3004164895,1,2,3
1986741317,0,2,2
3023680391,1,2,4
1055785310,1,0,2
2585849974,0,1,5
2154510210,1,1,3
2880364094,1,0,2
2340907895,0,2,5
2890041980,1,0,1
1629994152,0,1,1
1291184563,0,1,3
3516829994,1,1,7
2995916082,1,1,6
1719858727,1,1,0
1738167827,1,1,2
1882963582,1,2,5
1827640745,0,1,1
1409626027,1,0,5
2476421847,0,1,3
1689707445,0,2,0
1261212907,1,0,1
2433973710,1,0,6
1427083434,1,2,5
2067363523,1,0,0
1405871943,1,1,2
1224368801,1,1,1
2641327197,1,2,3
2016383237,1,2,6
2043171572,1,1,1
2433732664,1,1,4
2923683023,1,2,7
2860923485,1,1,1
2287686161,0,1,1
2648547463,1,2,2
1871772304,1,1,2
1997480353,1,1,2
2787750251,1,2,7
1214267013,0,1,1
3170252565,0,2,1
1899498760,0,1,5
1659461461,0,1,1
1426528571,0,1,2
3209392272,1,1,2
1738121885,0,2,2
2884787240,1,1,1
2423857654,1,1,2
1787621977,1,1,1
1062891443,1,1,2
1734254094,0,1,1
2395429241,0,2,1
1402381433,1,0,1
2178338714,1,1,1
2097116555,0,2,1
2930342895,0,0,7
1501933510,0,2,2
1565449602,0,1,2
1349252165,0,2,7
1314275484,1,1,2
1770762930,0,2,4
2505403143,1,2,2
2417543797,1,1,4
2219186615,1,1,1
1901508711,1,1,2
1884524364,1,1,3
2467156480,1,2,2
1870782502,1,2,2
1655705322,1,2,3
3157077131,1,1,4
1898563181,1,2,4
2414241525,0,1,1
1790274853,1,1,1
2190994474,1,2,2
1809003282,1,1,0
1501252477,1,0,6
2756247733,1,1,1
1824006484,0,1,4
1841951235,1,1,2
2447412575,1,2,7
2629435310,0,2,2
1404646101,1,0,1
1965437723,1,0,2
1791344263,1,2,4
1750150054,1,1,4
1508405903,1,1,1
1854638735,1,1,1
1771677613,1,2,3
1229124342,0,1,4
2510491070,1,1,2
1791285117,0,1,1
1813293767,1,2,6
2142576005,1,0,2
2478618950,1,1,2
2313067290,1,1,4
2855151710,1,1,2
3140147087,1,1,2
2797503444,1,0,2
2258489553,1,1,5
2633447022,1,0,5
1708228075,1,2,2
2499523875,1,1,4
1761157244,1,1,7
1853494681,1,2,4
2686069645,0,0,7
1686378260,0,2,2
2676818132,1,2,5
1277628097,1,1,1
1341429691,1,1,2
1859151414,1,1,2
2640894401,1,1,1
2557068390,1,2,3
2320632154,1,2,3
1768965121,1,2,3
1723711875,1,1,2
1746276325,1,1,4
1868368380,1,1,2
1906665247,1,2,4
2194652521,1,2,2
3053236965,0,0,1
2865432274,1,1,2
1894847817,1,1,4
2450269157,1,1,1
2277971613,1,2,4
2462629810,0,1,4
2532215272,0,2,1
1951057673,1,1,3
1704687234,1,1,2
2541462324,1,1,1
2171715810,1,1,4
1569107671,1,0,1
2574285541,1,0,4
1444630150,1,1,2
2193039293,1,2,7
2080043962,1,2,1
1699759547,1,2,7
1316385074,1,1,2
2281064877,0,1,2
1732204930,1,1,4
2588577092,0,2,1
1639612174,0,1,4
2185947820,1,2,2
2737556235,1,2,3
2639533157,1,1,4
2637484897,0,1,4
1869215504,1,0,4
2158185472,1,2,4
2597880837,1,2,2
1616028075,0,1,0
1654070927,1,0,2
2717523094,1,2,3
2239342067,0,1,1
1530170902,1,2,2
1646988674,1,1,1
2090162182,1,1,2
2235289404,1,1,3
2517307721,0,2,2
1778099741,0,2,1
1868117693,1,1,4
1876196963,1,0,5
2113172537,1,1,2
2637532413,1,1,4
2258674623,0,1,1
2261240527,1,2,3
1410411190,1,1,1
1806897033,1,2,2
1876550773,1,0,1
2311927847,1,1,2
1782087195,1,2,4
2276413207,1,1,2
2690806271,1,1,0
1880419727,1,1,1
1901141337,0,2,4
1893887164,1,2,5
1569559774,0,1,4
1571157947,0,2,2
1907197884,1,1,2
2375103381,1,1,0
1053815835,1,0,2
2651372643,1,1,2
2327443442,1,2,4
2184575134,0,2,3
1508618043,0,1,1
1796113032,1,1,4
1703735901,1,2,4
1861641567,1,1,4
1757849541,1,1,2
1860334884,1,1,1
2052485103,1,1,3
1441140497,1,1,4
1712119175,0,1,4
1180117045,1,1,1
1584006993,1,0,1
2607736283,1,2,2
1134857633,0,1,2
1892819535,0,2,2
3028407747,1,2,0
2136669792,1,0,2
2236406737,1,1,3
1083892455,1,1,1
2297012745,1,1,1
3135091385,0,1,2
2532648955,1,2,2
3041536093,0,1,1
2628115141,1,2,4
66118686,1,1,1
1738301812,1,1,1
2010014364,1,2,2
1170445607,1,1,7
2255252663,0,2,3
1430070354,1,0,2
1829011263,0,1,1
1676099474,1,1,1
1155537520,1,1,2
1450173603,1,1,1
1649131110,1,1,3
2480330582,1,1,4
2823940245,1,1,3
1103763581,1,1,5
1630401677,1,1,1
2435140321,0,2,1
1762663505,1,2,3
1043942320,1,1,2
1874745575,1,1,1
2366176124,1,1,2
1586578994,1,2,5
3207140350,1,1,2
1801549415,1,1,4
2617923687,0,1,1
1813092571,1,0,1
1870547490,1,1,4
2340474644,1,1,5
2693669723,0,2,2
1943318837,1,2,4
2418487833,1,1,2
1691545977,1,1,1
1684180984,1,2,3
2700255174,1,1,6
2820368757,0,1,2
1948175537,1,1,2
1743510337,1,1,4
2633022711,1,0,1
2322379553,0,2,1
1015340642,1,0,1
2399725633,1,1,6
2399498421,0,1,0
1729239493,1,1,5
1697231200,1,1,4
2548298441,1,0,1
1849628571,0,1,7
1612104480,1,2,4
2650618153,1,1,2
1698940783,0,1,1
1447799381,1,2,1
3028144337,1,2,3
2190665950,1,2,6
1072632781,1,1,2
1096878100,1,0,1
1909557342,1,1,0
2433186844,1,2,4
1742259502,1,2,3
1655353152,0,1,4
3127953945,1,1,4
1748972675,1,2,3
2348440613,1,1,1
2054320061,1,1,2
1861561614,0,1,1
2454486937,1,1,7
2837913284,0,2,5
1839782034,1,1,3
2118767125,1,2,1
2268582183,0,2,1
2983699222,1,2,0
2314364965,1,2,2
1132390020,1,1,1
1839315180,1,1,7
1269960281,1,1,7
2067815572,1,1,7
2146935630,0,0,4
1774196405,0,1,2
1057244265,1,2,1
2343510011,0,1,1
2835016991,0,2,0
1563321553,1,0,1
1841532445,1,2,2
2480964193,0,2,5
1693106901,1,2,5
2198298544,0,1,7
1620727365,1,1,5
1004447270,0,2,2
2708104205,1,1,7
1704541462,0,1,2
3210334122,1,1,1
1864190804,1,2,1
2327401417,1,0,1
2689983731,1,1,2
2284693997,1,2,1
2553011822,1,2,0
1751586241,1,2,1
1772383735,1,1,2
2000917411,0,1,2
2785606673,1,2,7
2932340223,1,2,4
2565113870,1,0,4
1490696622,1,0,0
2258109300,1,1,4
2384931697,1,0,1
2295025384,1,2,3
2532732173,1,1,4
1965660077,1,1,4
1665076993,0,2,6
1617316191,1,1,2
1108636567,1,1,1
1739454614,0,1,2
2879012510,0,2,1
3028177917,1,1,2
1746283583,0,1,2
3152389610,1,1,6
1828391440,1,2,4
2313430783,1,2,2
1730215987,1,0,1
1619508401,0,0,1
2052875447,1,1,1
2213763325,1,1,7
1790365251,1,2,4
2021952281,1,2,2
1191272765,1,1,0
2202258997,1,1,2
1806683610,1,2,2
2238791881,1,1,0
1406492747,1,1,5
1823611450,0,2,6
2712558153,1,1,1
1821415427,0,1,1
1746868704,1,2,4
2326158714,1,1,4
1418867940,1,0,4
1834538350,0,2,3
1908320345,0,2,1
1748078585,1,1,4
1912584421,0,2,5
2550784612,0,1,1
1832300704,1,1,4
2840282067,1,2,1
2132731751,1,1,2
1803983203,0,1,2
1918595237,0,1,2
2782236881,1,1,2
2215283665,1,0,7
2951240361,1,2,1
1871025475,1,1,1
1070540204,1,1,1
1477756232,1,1,0
1559637864,1,2,3
2262074814,1,2,2
2122026721,1,1,2
1851568390,0,1,2
1871265520,1,1,6
1784264254,0,0,2
1404612213,1,2,1
2122445911,1,1,1
1653999862,1,1,2
1832274587,1,1,1
2412021065,1,0,2
1868458600,1,1,1
2586436454,0,1,2
3202096621,0,1,1
1654163755,1,2,2
2143833575,1,2,3
1903547833,1,2,2
1869775754,1,2,4
2198050563,1,1,1
2052375680,1,2,5
3153990227,0,2,6
2377053272,1,2,2
1136659785,1,1,2
1632966017,1,1,1
1669562701,1,1,4
3034278350,1,1,5
2717304583,1,1,4
1152055281,1,1,6
1653681802,1,0,7
1736942351,0,1,1
1853925051,0,2,0
1088817922,1,1,2
2626589193,1,2,2
1653205932,0,1,2
2738257843,1,2,3
1202139531,1,0,2
1932280827,1,2,3
1879311070,1,1,5
3180099461,1,1,4
1404491953,1,0,3
2550916015,0,1,4
1165014781,1,0,4
1402582212,0,0,6
1311184360,1,1,1
1270931135,1,2,5
2836605502,1,1,2
2609942141,0,1,2
2292393667,1,0,1
2134299832,1,2,2
1862769472,1,1,2
1218975751,1,1,2
2830396012,0,1,5
1655961891,0,1,1
1314093614,1,0,0
1157354113,1,1,2
2840918960,0,1,0
2834849790,0,1,5
2344647267,1,2,1
2805445372,0,2,1
2476347147,1,2,0
2816329092,1,2,2
2588762234,1,0,2
1790707511,0,1,4
1893113097,1,2,6
1147247983,1,1,2
3051764363,1,1,2
1494905060,1,0,2
1861507324,1,1,2
1717658307,1,1,1
2242986102,1,0,5
2344703981,1,1,1
2312177825,1,0,2
1798292331,1,1,4
2260963615,1,2,1
1461630702,1,1,4
1803997563,0,1,1
1030321917,0,0,1
2639028162,1,0,5
3006132797,0,2,2
1905011321,0,1,5
2701790480,1,1,6
1013292372,1,1,1
2451941670,0,1,4
2328823765,1,2,0
2252131825,1,1,2
2705210073,1,1,1
2682514113,0,1,2
2137838585,1,1,1
1640664957,1,1,2
1829927583,1,1,7
2516432473,1,1,1
1880391224,0,1,2
1575276352,1,1,0
2710910424,1,1,7
2309763591,0,0,1
1842215345,0,2,2
3225358755,1,1,7
1874140805,1,1,3
1213811627,0,1,1
1803423497,1,1,2
1895102874,1,1,2
1896105543,1,1,2
3201252971,0,2,4
1285851234,1,1,7
1847220757,1,1,1
1739956374,1,1,1
2837695044,1,1,4
2655618531,1,2,7
3101525397,0,1,2
1103506511,0,1,1
2253357315,0,2,0
1150185635,1,1,1
1870248325,0,1,2
1689727741,0,2,2
2733464892,0,1,2
3228686233,1,2,1
2796980495,1,2,5
2189890725,1,0,7
2718404107,0,2,2
1948392391,1,1,3
2606219154,0,1,1
2832052261,1,1,1
1873521952,1,0,5
1962169277,1,1,4
2454707782,1,0,2
2609783245,1,1,4
1988845941,1,2,1
1707297961,1,1,4
1550834640,0,1,1
1762378023,0,1,1
2284930644,1,1,2
1652479222,1,2,5
1655466665,1,0,5
2336026875,0,1,1
2484983662,1,2,7
3212691121,1,2,1
3244423064,1,1,2
2689040573,1,0,4
1682505521,0,0,7
1615711420,1,1,1
3213317681,0,1,1
1811875704,1,1,1
2030348441,1,1,4
1772470220,1,1,0
1851212042,1,1,2
2119908042,1,1,2
2385818494,1,1,4
1529772362,1,0,2
2421020145,0,1,0
2392694764,1,1,5
2953123244,1,2,1
2210610623,1,0,1
1747927790,1,2,2
1029687043,1,1,5
1964088335,1,1,1
1263756304,1,2,2
1425992302,1,1,1
1401177414,1,0,1
2254815137,0,1,1
1315340731,1,2,1
3044132375,1,1,3
1070607301,0,1,2
1200544431,0,0,2
2704944627,1,2,4
1643145223,1,2,4
1261766855,0,2,2
1040511182,1,1,4
2906683651,1,2,1
2462431961,0,1,1
1240191113,0,1,1
1321664781,1,1,2
1894086684,1,1,2
2656353923,1,2,3
2290821682,0,2,2
2445104383,1,1,2
3244133220,1,2,1
1677394355,1,1,2
1966226895,1,2,6
2827053720,1,1,2
2945672513,0,2,3
1425937794,1,1,2
2639300347,1,2,3
1675076154,1,2,5
2433044692,1,1,3
1114482851,1,1,2
1807817305,1,2,1
2801545265,0,2,3
1413357560,1,1,7
1660452961,1,1,3
2961528095,0,1,1
1952697465,1,2,6
1583767103,1,1,5
2363933217,1,1,0
2010641407,1,1,3
2351464525,1,2,2
2807271191,1,1,1
1973430807,1,1,4
1798771583,1,1,1
2420681195,0,0,4
2440313562,1,2,3
2781151991,1,0,2
1043388703,0,1,4
1750163725,1,2,4
2284504862,1,2,4
2354695754,0,1,2
2113640394,1,1,2
2895941381,1,1,2
2495867890,1,2,1
1304908701,1,2,2
1836336622,0,1,5
2826697514,1,1,1
1430968290,0,1,2
1735569771,0,2,7
1044886880,1,1,1
2846535447,0,2,1
2077776372,0,2,0
2883293660,1,1,1
2410860147,1,1,0
1856236010,1,1,4
3119872375,1,2,4
1808463904,1,0,4
2663549510,1,0,2
2232026615,1,2,2
2812959462,1,1,2
1794614673,1,1,2
2909393013,1,2,0
3252773710,1,2,6
1821849691,1,1,1
2567922314,0,1,2
2278584244,1,1,2
1616602891,1,1,1
1874763843,1,2,4
2187842181,1,1,2
1159240995,1,1,0
2156364563,0,2,2
1070183742,0,2,1
2463885644,1,0,2
2717916227,1,1,4
1111771603,1,0,1
1674826000,1,0,0
2191357940,0,0,1
2281683307,0,2,4
1784909734,1,0,2
1912651193,1,1,4
1621663523,1,0,1
2402995275,1,2,2
1805325893,1,0,5
1688630180,1,1,2
3149925350,1,1,2
3089426735,0,1,0
1400085407,1,0,1
2523582842,1,2,5
2134714021,1,2,4
2419431325,1,2,2
1742309464,0,2,3
3221791842,1,1,5
2352876800,1,1,4
1044654392,1,0,2
1772774070,1,1,2
1270624511,1,1,2
2623510803,1,0,0
2498902495,0,1,7
1405012992,1,0,2
1046716425,1,1,2
2959421917,0,2,2
1826759620,0,1,2
1216209370,1,1,3
2684460443,1,1,5
1913459483,1,0,1
1849330417,0,1,4
1761909147,1,0,3
1367567787,1,1,1
1223676881,0,1,1
1652055434,1,1,2
2654185385,0,2,1
2028309263,0,2,1
2287514732,1,1,4
3227235577,1,1,2
1852012873,1,1,1
2928173551,0,2,1
2703368503,1,1,4
1841624154,1,1,5
2343628982,1,1,2
1885986337,1,1,4
1653852053,0,0,1
1650443201,1,1,5
1433817135,1,1,0
3185784201,0,2,2
2200602063,0,1,7
2876407632,1,2,2
1801631844,0,2,2
3048823891,1,1,4
2412600402,1,2,4
1420382884,1,0,7
2575992962,1,1,4
2654614871,1,1,4
2456118544,1,0,1
1914970460,1,1,2
1763002892,0,2,2
1393149022,0,1,4
2375680881,1,1,1
3211574340,0,0,0
1870135012,1,1,2
1874558553,0,1,4
1236152791,1,0,6
1354517115,1,1,4
2785175924,1,1,5
2418357490,1,2,4
1796758890,1,2,5
1790637645,1,2,5
2628562887,1,2,4
2136002853,1,2,5
1825347567,1,0,1
2149961441,1,2,4
2196021221,1,1,1
1656358131,1,0,3
2563545592,1,2,5
1775579407,1,1,1
2318406042,0,0,5
2939471723,1,2,3
2257256670,0,2,4
1359151724,1,1,2
1044089517,1,0,2
1017309484,1,0,1
1907557485,1,1,4
2730756057,1,2,2
2097615202,1,1,5
1849106510,1,0,2
1407338157,1,0,1
1147473367,1,1,2
2874277990,1,2,1
2402979314,1,1,2
1732410994,1,0,5
1411665405,1,1,5
2310604024,1,1,3
1900465657,1,2,7
1787452283,0,2,2
1704875722,0,0,6
1410229377,1,0,1
2534601372,1,2,4
1838191581,1,1,1
2292395352,0,0,2
2675453807,1,2,4
1642774681,0,1,6
2796278651,1,1,5
2802771981,1,1,1
2931533457,1,1,4
1842347721,0,2,1
1753008650,0,2,2
3170471185,1,1,0
2197948165,0,2,2
2683272127,1,0,2
1532420130,1,2,2
1481243185,1,2,2
3217065991,0,2,2
2009601205,1,2,4
1266695855,0,2,1
2687964033,1,1,7
1686551030,1,1,2
1562272067,1,1,2
3226314740,0,1,2
1679161161,1,1,5
1620238805,1,2,2
1409078863,1,0,1
2261362107,1,1,1
1862078277,1,1,2
1733791057,1,1,3
2113694321,0,1,4
1901157927,1,1,0
1708921472,0,1,6
1002616690,1,1,5
1566687573,1,1,2
1719727661,1,1,5
1910929963,1,1,2
1955351012,1,1,5
1638988224,1,1,2
3044659155,1,1,4
1256391067,1,2,2
1589216564,1,1,5
1057149887,1,1,4
1785712002,0,2,5
1692232652,1,1,3
2156279047,0,1,1
1651045595,1,1,2
1194919880,1,1,6
2533022300,1,1,2
1443800650,0,0,1
1374607514,1,0,5
1928467830,0,1,6
2642486427,1,0,1
1979059980,1,1,4
2769024165,1,1,1
1787546407,1,1,2
2862971980,1,2,2
1891415512,0,1,4
2784886572,0,2,1
1188077181,1,1,5
2414354311,0,2,5
1706342874,1,2,1
1836785725,1,2,7
3097848931,1,1,4
1409569600,1,2,7
2986948263,1,2,1
2784827547,1,1,1
2516970123,1,1,4
1487200655,1,0,2
3155385485,1,2,3
2494766905,1,2,4
1057040427,1,1,2
1260304113,1,1,2
2850801007,1,1,1
2539269395,0,1,2
3123012695,1,2,4
1634954831,0,1,1
2398543813,1,1,1
1145694502,1,1,2
1935383602,1,1,5
1691955664,0,1,2
2549575680,1,1,1
1629931495,1,2,3
2248004045,1,1,1
2386242867,1,1,1
1772338297,1,1,2
1598389457,0,1,1
2269941137,1,0,2
2190996614,1,1,4
1884905017,1,1,4
2482302907,1,0,0
3299938607,0,1,7
2848052465,1,2,3
1729775700,1,1,0
2810914035,1,1,4
1832324685,0,1,1
2233556250,1,0,2
3083351791,1,2,1
2612608321,1,2,1
2670573472,1,2,4
2340326024,1,1,5
1890192731,1,1,2
2838948671,1,1,1
2190571463,1,1,1
2307650634,1,1,4
1001434124,1,1,1
1828219513,1,1,1
1880345114,0,0,1
1821911197,1,1,2
2338937562,1,1,3
1729335345,1,1,4
2854115594,1,2,3
1210780741,1,2,4
1522810363,1,2,1
2766756205,1,1,2
2804982641,0,2,1
1775763993,1,1,1
1530245941,0,1,2
1808735032,1,1,4
2359797372,1,1,4
2818655491,1,2,4
1212892431,1,0,6
2713295845,1,2,2
1110941561,1,0,2
1171681345,1,1,2
2824634882,0,1,2
1657964272,0,0,1
1855775494,1,1,1
2217842072,1,0,2
1867717233,0,1,7
41547091,1,1,5
2756952197,0,1,1
1409256165,0,1,1
1890297767,1,0,1
1761129715,0,2,1
1419026010,1,1,1
1272899511,1,1,2
3182336303,1,2,1
3152868790,0,1,4
2424463703,1,1,1
1837040485,1,1,4
1736631922,1,2,4
1627895157,1,1,4
2264685417,1,1,1
1737262944,1,1,1
2354287157,1,1,1
2250031955,0,2,1
2420135373,1,1,2
1227170677,1,2,1
1792279881,1,1,5
1773247467,0,2,2
2249239550,0,2,2
3380968942,1,0,2
1845588723,1,1,1
2513990711,1,2,4
1452768237,1,1,5
2370956103,1,2,1
2268914373,1,2,1
1646413202,1,1,3
1669620075,1,1,1
2016807262,1,1,2
1411311871,1,1,5
1772177302,1,1,4
1073876961,1,0,4
2341577063,1,1,3
1878588560,1,0,2
1413234985,1,1,0
1852413253,0,1,1
3272019993,1,1,1
2646464771,1,2,4
2851755245,1,1,2
1051816737,1,1,3
1195308250,1,1,5
1917847105,0,1,4
1910182142,0,1,5
1948118487,1,1,1
2255282540,1,1,1
2158509031,1,2,2
1092622642,1,2,2
2046634777,1,2,7
1829599193,1,1,1
2230524360,1,1,2
2813246091,1,1,7
2276839221,1,1,4
2506149235,0,2,2
2232606215,1,1,4
2695578454,0,2,4
2171512495,0,2,2
2244899117,1,2,1
2566269492,1,2,4
1906845451,1,2,1
1686735037,1,1,4
2818051172,0,1,1
2107559615,0,2,3
1684257335,1,2,3
1774122834,1,2,4
2457727315,1,2,2
2668520945,1,1,0
2752258253,1,1,1
1400648582,1,0,2
1430970507,1,0,2
1914105795,1,1,2
1253221694,1,0,2
1856691287,1,0,1
2264065494,1,0,2
1923069097,0,2,3
2737940445,0,2,1
2397602747,1,1,2
1318855392,1,1,4
2949270545,1,2,5
1037363394,1,0,1
2889048570,1,1,1
1380102411,1,1,6
2325202914,1,0,4
1770019372,0,2,5
1761236561,1,1,1
2254950172,1,1,2
1497877627,0,0,1
1873976212,1,2,2
1888636817,1,1,3
1902235902,1,1,2
2621838997,1,2,0
1802146467,1,1,2
2332597000,0,2,1
2550854181,1,2,6
1437492923,1,1,3
1804338310,0,1,4
1489740861,1,1,5
2255754161,0,1,1
1869874111,1,1,5
3147139811,1,2,2
1653640431,1,1,4
1077381803,1,1,1
1904760460,1,1,4
1645763847,1,1,1
1682622317,1,1,0
2242916821,0,1,2
1822601775,1,2,1
1840088561,1,2,2
1063196274,0,1,1
2833196362,1,2,4
1769512242,0,1,3
1832051482,1,1,1
1840053540,1,1,6
2460587713,1,0,1
2052777477,1,1,3
3142751522,1,0,6
2629334293,1,2,4
1066534667,1,0,1
1093257587,1,1,2
2383538307,1,2,4
1154605101,1,1,6
2370452001,1,0,3
1940505223,1,1,5
2238151545,1,1,2
1348770327,1,1,2
2683421063,0,1,1
1847527081,1,2,2
1087400624,1,1,2
2169156637,1,2,5
1994445911,1,1,1
2315589881,0,2,1
2994796494,1,1,2
2268410480,1,1,1
1786637925,1,1,4
3172321911,1,2,3
1830525284,1,1,4
2187827431,0,1,1
1742865961,1,1,2
1840033443,1,0,1
2803621721,1,2,2
2117193783,1,1,1
1075102111,1,1,1
1819439037,1,1,1
3191503640,1,2,2
2686380815,0,1,2
2213034992,0,1,1
2805131743,1,0,1
2830410551,1,1,1
1991652250,1,1,4
1959367685,1,1,3
1461225360,1,1,4
2346956917,1,1,1
1240161947,1,1,2
2437112734,0,2,3
1568910263,1,1,5
1496882083,1,1,2
2704317021,1,2,1
1779594455,0,1,2
1400384474,1,0,1
1802212913,0,2,1
1715319082,1,2,1
2673500603,0,1,1
2378014873,1,2,3
2203475817,1,0,1
1251697432,0,2,1
2671457627,1,1,4
2193713861,1,2,1
2095096485,1,1,2
1424518790,1,1,5
1215877570,1,1,1
2749263423,1,1,1
2612315851,1,1,1
2809865083,1,1,2
1342849391,0,1,2
2685672293,1,2,7
2156411003,1,1,0
1785207243,1,1,2
2674436061,1,1,2
2294285180,1,2,2
3228732143,0,1,3
2418811797,1,2,4
1593106630,1,1,2
2163571254,1,0,6
1249653251,0,1,2
2483983790,1,1,1
2400965571,0,1,1
3105672711,1,2,6
2243776923,1,0,2
1154380511,1,1,1
2803960752,1,2,3
2275811254,1,1,1
1309583712,1,1,2
1223837662,1,0,0
2638304883,1,1,1
2112589084,1,2,1
1737615320,1,1,1
3121248073,0,2,2
1721396001,0,1,2
2817352067,1,1,7
3190806254,1,0,3
1776838945,0,1,3
2607259671,0,2,0
2730356207,0,2,0
1826864751,1,1,2
1198280133,0,1,1
2703621735,1,0,7
1613379351,1,2,5
2632054873,0,2,1
1337268337,0,1,0
2332904327,1,2,0
2197881945,1,2,3
2364357215,1,1,1
3183770867,0,1,2
1401802677,1,0,2
2083952815,0,1,2
2825274363,1,1,1
1701227971,1,2,5
1105698790,1,0,2
1717032972,1,0,2
2201425205,1,2,4
2446938495,0,0,1
1756779053,1,2,4
1548057863,0,1,2
1849887552,1,1,1
2254624052,1,2,4
1724632547,1,2,3
1943686705,1,2,4
3193359010,0,1,4
2648569662,0,2,2
2403365687,1,2,1
1756964155,1,1,1
1897060254,1,2,2
1845373475,1,1,2
2889248490,0,1,2
1854954357,1,2,3
1849278037,1,1,1
2133302303,1,2,4
1916855475,0,2,1
1417726300,1,1,1
1799833401,1,2,5
1057046847,1,1,2
1750313925,0,1,1
2336681445,0,2,7
2219577353,0,1,7
1291193363,1,1,1
1462320547,1,0,7
2262765353,0,2,5
1740129667,0,1,2
1773563311,0,1,2
3445996272,0,0,1
2454135502,1,1,2
1938854461,1,1,4
1338305984,1,1,4
1911772221,0,2,7
1816677041,0,2,2
2099095104,0,1,5
1880867950,1,1,1
2393125622,1,2,1
1661152154,1,1,3
3023054054,0,2,0
2153250635,1,1,5
2709910057,1,1,5
1797659535,0,0,3
2415079413,1,2,1
1834293922,1,0,4
1856633212,1,1,6
1661571101,0,1,3
1686251573,1,1,7
2535161083,1,0,2
2873662241,1,1,1
1638392287,1,1,2
2090081782,1,2,3
2631904363,1,1,4
1812437321,1,1,0
2540494190,1,1,1
2650847391,1,2,7
2095472994,1,1,2
1416725321,1,0,1
2667367825,1,1,3
2652330067,0,2,1
2722729647,1,1,4
1879832091,1,1,4
2692200923,1,1,1
2486969947,1,2,0
2328615675,1,2,1
2704863633,1,2,4
1735933240,1,0,2
2163032273,1,1,2
1657741735,1,2,1
2704345563,0,1,4
1752817217,1,1,4
2268514112,0,2,4
2294295963,1,2,2
1774814945,1,1,1
2248244333,1,1,1
1862844481,1,1,1
1131103307,0,0,6
1429847584,0,0,0
2793786832,1,0,4
2783929753,1,1,4
3083403257,1,2,1
2269717175,1,1,7
1720647354,0,1,2
1421130295,1,0,2
2911321951,1,2,4
1475519420,1,1,5
1881182537,1,1,5
1709560977,1,2,5
3166213713,1,0,3
2195349860,0,2,2
1711793060,1,1,3
1145982830,0,0,1
2640028315,1,2,5
2170204221,1,1,1
1775474787,1,0,4
2397324295,1,2,1
1862186693,1,2,2
1461349012,1,1,2
1101412162,1,0,3
1803972294,1,1,4
1779675535,0,1,2
1946946275,1,1,6
2684457967,1,1,4
1562880105,1,1,1
3019343753,1,2,1
2941447991,0,2,1
2001017573,1,0,1
2315425421,1,2,2
2247690983,0,2,2
2371201624,0,1,1
1404665592,1,0,4
1265054220,1,2,6
1684447120,0,1,1
1245255221,1,1,7
2288518661,0,1,2
1004042417,1,0,2
1316955102,1,1,4
1560931890,1,2,1
1891666617,1,2,0
3005906315,0,2,6
2747203085,0,1,1
1783442701,0,1,1
2247099565,0,2,1
2530830362,1,2,2
1169528614,1,1,1
1864681883,0,1,2
2858662770,1,1,3
1906456633,1,1,1
2390426501,1,1,0
1064586090,1,0,1
3193590133,1,0,7
2426478122,1,1,2
2481552541,1,2,3
1404389157,1,0,2
61419384,0,0,1
1600688514,1,2,4
2200657991,1,2,4
1910920345,1,0,1
1907990037,1,2,7
1775469380,1,2,2
1474159222,1,1,5
1233655885,0,1,1
1886234587,1,1,4
1784024262,1,2,4
2330751414,0,2,4
2714610377,1,1,1
2403204624,0,1,5
1890300142,1,1,3
2778832333,1,1,7
3032757067,1,1,1
1632610993,1,1,3
1741432494,0,1,5
1180384173,1,0,6
2811834994,0,2,4
1831307007,1,2,7
1909371004,1,1,2
1670638295,1,1,2
1966152853,1,2,5
1341648782,1,1,5
2842237093,0,1,4
2930787127,0,2,4
2251656881,0,1,5
1763034294,1,1,4
1309105290,1,2,2
2214493540,0,1,0
2507823884,1,1,4
2663023893,1,0,1
2605291343,1,0,1
2416707495,1,1,3
1770117103,1,1,1
1914312213,1,1,1
2676914791,1,1,0
1914902714,1,2,0
2384475620,0,2,7
2344522542,0,2,7
2582077925,1,0,1
2381148163,1,2,1
2300487717,1,1,4
2014222763,1,1,5
1747279604,1,1,4
2024949277,1,1,3
1582222364,1,1,2
2373790130,1,1,3
1285967604,0,2,4
2836470677,1,0,2
2419443753,1,2,3
1730954927,1,1,2
1729670521,1,2,3
2672023391,1,2,3
2495095643,0,2,1
2590918291,1,1,1
1900763911,0,1,1
1227958333,1,1,2
1429269551,1,1,7
2269563394,1,2,2
1881633503,1,1,2
2011399574,1,1,1
2909469372,0,2,3
3104725153,1,2,1
2282276533,1,2,0
1858813513,1,0,2
1435985274,1,1,2
1145037840,1,1,2
3114038903,0,1,3
1794623180,0,1,2
1165735600,1,1,2
1244980882,1,1,1
2254813715,1,1,1
2132997614,1,0,5
2528740890,1,2,1
1784212921,1,1,4
1940915915,0,2,6
1458660330,1,1,1
1061956322,1,0,2
1961603981,1,2,2
1941339151,1,0,6
2900245273,1,1,0
1304506960,1,1,2
1072842355,1,1,1
1714808103,1,1,1
2445640355,1,0,0
1620448707,1,1,7
1134420583,1,1,1
1411578590,1,1,1
1849815257,0,1,1
1605218824,0,1,2
1256492164,1,1,2
2927863045,1,1,2
2677228531,1,1,2
3186879431,0,1,6
2075602513,1,2,2
2101706071,1,1,1
2418801393,0,2,3
1894107084,1,2,1
1195148163,0,1,6
2810273755,0,1,1
2545662632,1,2,2
2240841385,1,2,4
1740059180,1,0,2
1627615681,1,1,1
1874611232,1,2,1
1783330212,1,2,3
1937849174,1,1,1
1221109967,0,1,1
1880584402,0,1,5
1571866361,1,1,0
2549893813,1,2,1
1242205021,1,1,2
2267172873,1,1,0
1848866332,1,1,2
2395277917,1,2,2
1801959695,0,2,2
1818980983,1,1,0
1789937153,1,2,2
3146167051,1,2,2
1007649733,1,0,1
1826068847,0,1,1
1854930407,1,2,1
1133559503,1,1,2
1704955042,1,1,1
1782703575,0,2,2
1014914767,1,2,7
2547102751,1,1,1
2639248967,0,0,1
2158478831,1,1,2
3174736761,0,1,2
1801726037,1,1,5
2788573140,0,2,3
1930143327,1,1,5
2508359465,1,2,3
1832197404,0,1,5
2926372673,1,1,4
1950756734,1,1,1
2340500794,1,0,2
2519521773,1,1,4
1852627287,0,0,5
1987086317,1,1,1
1923990705,1,2,4
1913187687,0,2,1
1276701437,1,2,0
1795530127,0,1,0
1870797833,1,1,0
2679414115,1,1,2
2181750765,1,1,7
3018486795,1,1,1
1153547867,0,1,1
1802932347,1,2,2
1262131614,1,1,2
3130901931,0,1,2
2429258291,1,1,1
1897625440,1,1,4
2729849881,1,1,3
2382126774,1,1,4
1840403760,1,1,4
3221029753,1,2,2
2370662861,1,1,2
1512024080,1,2,7
1840571040,0,2,4
1815939385,1,1,6
2631795624,1,2,7
1131320413,1,0,2
1279833335,1,1,4
2648015837,1,2,0
2856108722,1,1,2
2922877813,1,1,2
1843113144,1,1,2
2691736761,1,2,5
2308006724,0,1,4
1566631171,0,1,1
1912464105,0,1,6
2501453030,0,1,4
2002406744,1,1,2
2984388414,1,1,4
1761756465,1,2,0
2968607990,1,2,4
1879362790,1,2,2
1455629645,1,1,1
2017297984,1,2,0
1105161272,1,0,4
1843221594,0,1,4
1898452321,1,1,1
1769958604,1,1,5
2394340897,1,1,5
2794817954,1,2,4
1752402495,1,1,3
2532126044,0,2,5
2554653047,1,2,1
1783338721,1,0,3
1992981471,1,1,4
1902650383,1,0,7
2644859611,1,2,4
1824939427,1,1,2
2670864664,1,1,2
2719164923,1,2,1
2311497253,0,1,1
1985744427,1,0,2
2461108265,1,2,2
2300465395,0,1,0
1195406897,1,1,6
2982198705,1,2,4
2709465784,1,1,7
2645384923,1,1,4
2704872623,1,1,0
3066198983,1,1,6
1194840563,1,2,1
1420112701,1,1,2
3485952415,1,0,4
1850324043,1,1,2
2553002795,1,2,1
2419130191,0,2,1
1707959254,1,2,4
2718507423,1,1,2
2597971822,1,0,2
1885461150,1,1,1
2217295755,1,1,4
2994763233,1,2,4
1865960410,1,0,5
2478268331,1,1,1
2770856873,1,2,2
1870703331,1,2,4
2708105705,1,2,5
2472165610,1,2,7
2124919915,0,2,1
2301568194,1,2,1
2727411803,0,0,1
2035385021,1,2,1
3203387335,1,1,1
1819325973,1,2,2
1358968177,1,0,2
2493358291,1,1,5
1767762450,1,2,3
1730161814,1,2,3
1750251197,1,2,4
1865254367,0,1,1
1223451344,1,0,1
1756957543,1,1,2
2667738375,1,2,5
1680666782,0,1,0
2181606161,0,1,2
2726945683,1,1,2
2471362833,1,1,2
2180139893,1,1,1
2642894433,0,2,3
2209166964,0,1,2
2539387137,1,1,4
2769589441,1,2,2
1416145320,1,1,1
1149565043,1,1,1
2043729767,1,1,2
3199289281,1,1,4
2495117585,1,1,1
2452367650,1,2,5
1814060051,1,1,2
2517925283,1,1,2
2395720367,0,2,1
1819799943,1,1,4
2511537052,1,1,2
2735644845,1,2,3
2184887583,1,0,1
3021934201,1,2,7
3107435052,1,2,7
1498979752,1,1,1
2509004150,1,1,3
1916493121,1,1,1
2806936542,1,1,4
1339445603,1,2,1
1683533532,1,1,4
2839635761,0,0,1
1729575877,1,1,7
1365264552,0,1,4
1597528635,1,1,2
1824957480,1,2,4
1869765940,1,1,2
2503528052,1,1,4
2083356641,1,1,0
1783176687,0,1,2
3097650127,1,1,4
2438789090,1,2,5
2117002511,0,2,1
2439418443,1,1,3
1578745201,1,1,2
1721498250,0,2,4
2713762573,1,1,4
1742299715,1,2,6
1873696572,0,1,4
1877076825,1,1,3
2120421737,1,0,4
2253212980,1,2,4
2651680553,1,1,2
2506775793,1,0,2
1275138887,0,1,6
2849532123,1,1,4
2513476160,1,1,4
1737894634,0,1,2
3044835451,1,1,4
1341249963,0,1,1
1835578731,1,2,3
1778092423,1,2,1
3201236957,1,1,3
1759456085,0,1,1
2000667423,1,2,5
1971876453,1,1,3
1472481634,1,1,1
3516643691,1,2,2
1192848603,1,1,2
2642892294,1,2,2
1054761691,1,1,2
2641463254,1,0,5
2770798293,1,1,4
1708835987,1,2,4
1963382417,1,1,1
2266041935,1,1,4
1734309443,1,1,1
1635124685,0,1,1
2132131695,1,0,1
2732083145,1,1,2
2128439741,1,2,2
1226382457,1,1,0
1061669337,1,0,1
1081372043,1,1,2
3156070937,1,1,3
2410941121,0,1,1
1905027511,0,1,1
2312818972,0,2,2
1793143151,0,1,2
1747478104,1,2,1
1689586901,1,1,2
1846980787,0,2,3
1701814354,1,1,1
2239877201,1,2,1
2921080574,1,1,4
2390357575,1,0,0
3152129374,1,0,4
1216999050,1,1,7
2664306073,1,1,2
2367559641,1,1,2
2064256551,0,2,5
2642107711,1,1,3
1801380327,0,1,1
1824494580,0,1,5
1465393911,1,0,1
1597771472,0,2,3
1768757382,0,1,1
1841039457,1,2,4
1254691271,1,1,4
1045530922,1,0,1
2988287395,1,1,1
1541873215,1,0,1
1718985082,1,1,1
1627788301,0,2,3
1821086093,1,1,5
2645320722,1,0,4
1840080115,1,1,2
2211227183,1,0,2
1902619841,1,1,4
1884300540,1,0,2
1166618512,1,1,1
2078363155,1,2,4
1880129713,1,2,2
1763856113,0,1,5
2512952765,0,1,1
1644982400,1,2,2
2086639071,1,1,1
3200661514,0,1,0
2712038572,0,2,1
2214401715,0,2,1
3082182342,0,1,1
1893441794,0,1,2
2256989103,1,0,2
1910596457,1,1,2
2810573262,1,2,1
2693703502,1,2,5
2528656921,0,1,2
1796065494,1,2,1
3215511834,1,2,4
1819440653,1,1,1
1266913795,0,2,1
1270342752,1,1,2
2773520065,0,2,1
2581696621,0,2,4
3037428625,1,2,1
1741471003,1,2,3
1362951404,1,1,4
1417115613,1,1,7
2544358057,0,1,2
1560406494,1,1,2
2272139524,1,2,2
2881200772,0,1,1
1706963645,1,0,4
1749101610,1,1,2
1450786982,1,1,1
1293922175,1,0,2
1564438753,1,1,1
1570619181,1,1,2
2836013510,1,1,1
3205241773,1,1,1
1755390525,1,1,1
2687324473,1,1,2
2719564820,1,1,4
2983907840,1,2,2
1749051637,0,1,3
1480188070,0,0,2
1941566821,1,2,4
2532245882,1,1,1
2413855324,1,2,4
1678576695,1,1,2
2410960432,1,1,1
2181417285,0,1,1
1751365663,1,1,1
1396164483,1,1,1
2921422381,1,2,7
1726610664,1,1,1
2785704151,1,1,2
2825027183,1,0,2
1438789551,1,0,5
1899199543,1,2,2
1866903500,1,1,1
1445542790,1,1,1
1725191951,1,1,7
2294071794,1,1,4
1883476233,1,2,2
1552706381,1,1,1
1425286642,0,0,0
3083934223,1,1,1
1446370680,1,1,1
2715421421,1,1,4
2402252391,1,2,4
2018036573,1,2,2
2639003251,1,1,2
1684910405,0,1,0
1432442370,0,0,1
2147553570,1,2,2
3326122730,1,1,4
2716497851,1,1,2
1808661850,1,2,4
1852171383,0,1,1
1740391277,1,2,3
2561947630,1,2,4
3225647977,1,2,1
1887952731,1,1,1
1261385784,1,1,2
2090955355,1,1,1
2237868940,0,0,4
2738797014,1,1,4
2397961280,1,1,2
3074755601,0,1,0
1345905637,1,1,2
2257451123,1,1,4
1750141803,1,2,2
1988260185,1,0,4
1437107583,1,1,1
2822096074,1,2,1
2048751253,1,1,1
1739782414,1,0,2
2178663624,1,1,2
1803863964,1,1,4
2173811510,0,0,1
1192626272,1,0,5
1197193595,1,1,4
1975641035,1,1,5
2710668241,0,2,1
1281103477,0,1,1
2364869813,1,0,1
2243879273,1,1,3
1354351434,1,1,1
1749117872,0,1,4
1862396281,0,2,1
1405556947,1,1,6
2881651764,0,1,1
1234294901,0,0,2
2384026744,1,1,2
1738097260,1,2,2
1401375147,1,2,2
1802262780,1,0,2
3026598091,1,1,1
1784451871,1,1,4
1062062082,1,1,6
1837559231,1,2,7
2569170741,1,1,5
2864006360,1,1,2
1497473985,1,1,1
1582431311,1,1,0
1519844751,1,2,0
2586125170,1,1,4
2711249837,1,2,5
2257783187,0,2,1
2845668000,0,1,4
2329558923,1,1,4
1081465922,1,0,1
2219536107,1,1,2
2365134702,1,1,1
1733557620,1,1,1
1946740995,1,1,1
3048942733,1,2,5
1199547237,0,1,5
2597949034,1,1,4
2305163354,1,1,2
2265775450,0,2,4
1817047494,1,1,3
1801294281,1,1,1
1046944355,0,1,1
1747930015,0,1,2
2946750985,1,1,4
1694278203,1,1,2
1718451280,0,1,1
2637919721,1,2,6
2824647542,1,1,2
2159672463,1,1,1
1250390065,1,0,6
2918967392,1,0,3
2458328812,1,0,4
1750234380,1,0,1
2632993415,1,1,1
1398366314,1,1,1
2087818401,1,1,1
1448279603,1,0,4
2653472443,0,2,2
1850339007,0,2,3
2195737195,0,2,3
1750849431,0,1,1
2263502634,1,1,2
1790846605,0,2,6
2119554173,1,1,4
1850795324,1,1,4
1593638073,1,0,1
2479317821,0,2,1
1934302087,1,1,4
1838081293,1,1,1
2493365400,1,1,2
2470132512,1,2,4
1168845825,1,1,5
1751306235,1,2,7
2232755881,0,1,1
1927502031,1,1,1
1813630352,1,1,4
1312079741,1,1,4
3173657087,1,1,3
1089431563,1,1,1
2316578927,1,1,1
1913590325,1,1,2
1723402634,1,1,0
2258027095,1,1,2
2346504233,1,2,2
1198779667,0,0,2
1882050411,1,0,2
2661193613,0,2,2
1830127873,0,2,3
1394734461,1,1,1
1677151674,1,2,7
2804061270,1,2,1
1191376651,1,1,1
2315952822,0,2,7
1855031847,1,1,1
2182199507,1,1,1
1766583440,1,1,4
2424624794,1,2,2
2736711473,1,1,4
1442403534,1,0,2
2713141120,1,1,2
2936152175,0,2,1
2872711544,1,1,0
1172185337,0,1,0
1606714891,1,1,4
2260630992,1,0,2
2462154732,1,1,0
2445194697,1,1,1
1663640882,1,1,2
1182602752,1,1,4
1192082040,1,2,2
2494849583,1,1,1
2395193045,1,2,1
2382570807,1,2,1
1348149071,1,1,1
1287795032,1,1,4
2812704882,1,1,4
1708957155,1,1,4
2770330671,1,1,2
2301266171,1,2,1
1756836435,0,1,1
2857641164,1,1,2
3048727690,1,0,3
1131883644,1,1,0
1251618974,0,1,0
2423250992,1,1,4
1661462184,1,2,7
2653799835,0,2,4
3076308084,1,1,2
1895499021,1,2,6
2617767262,1,1,4
2523674274,1,2,4
2358679792,0,1,4
1644817742,1,1,5
2617730892,1,2,4
2715930923,1,1,1
2597934237,1,2,4
2732489855,0,1,7
1749075601,0,2,1
2319041333,1,1,0
2305601427,1,0,1
1140177417,1,1,6
3164489075,1,1,1
2461960562,1,2,4
1534406663,0,0,1
1709662107,1,2,1
2648448150,1,2,3
2322672655,0,1,1
1778288007,1,1,1
2626294985,1,1,2
1957855917,1,1,4
1403125013,1,0,1
2867716484,1,1,2
1932961417,1,2,7
1967578217,1,1,2
3101467347,1,1,1
2667904691,1,1,1
1536125584,1,2,1
2010684267,1,2,6
2100031347,1,1,2
2369809750,0,1,2
2338157021,1,2,2
1673917315,1,1,1
2440185395,0,1,1
1738957867,1,1,2
2647218591,1,0,1
2297822620,0,1,5
1587122493,0,1,4
1921466545,1,1,1
1892592315,1,1,1
1395414984,1,1,4
1698850101,1,1,4
2329285475,1,1,0
1812519884,0,1,1
1184470950,1,1,4
1397917323,1,1,2
1973022250,0,2,2
1699905395,1,0,3
2899486287,1,1,3
2826419153,1,2,2
2170548213,1,2,1
2521322575,1,0,5
1465221735,1,2,2
1534080124,0,2,0
1848685284,1,1,4
3064458025,1,2,2
2686683633,1,1,1
1634331867,0,1,2
2156361170,1,1,6
1854575121,1,2,1
1883421672,0,1,4
2577116295,0,2,1
2513167974,0,0,3
2422692880,1,2,6
2630659047,1,0,2
1084452145,1,2,2
2741728773,1,1,1
1690339353,1,2,4
1427797613,0,0,2
2001011447,1,1,3
2173844774,1,1,2
1676372643,1,2,4
1285531214,0,2,2
1458407275,1,0,2
2884068910,1,2,3
1070175151,1,0,1
1650875310,1,2,1
2550997121,1,0,1
1728589271,1,1,4
2911313755,1,1,2
1268223974,0,1,1
2551023205,1,1,5
1738576204,1,1,1
1792365963,1,1,4
2941805685,1,2,2
2523904737,1,1,1
2165372101,1,2,2
1407586944,1,1,1
2776198681,1,1,5
1941638210,1,1,5
2348935605,1,1,1
3199085365,1,1,5
3194473707,1,1,2
1610433311,1,1,5
1796364701,1,1,1
2385066780,1,2,6
1813397292,1,2,1
1651715994,1,1,2
1785469097,0,2,1
2802430671,1,2,1
2151208637,1,1,1
1828838694,1,1,6
2028276837,1,0,7
1794438524,1,1,1
2314476704,1,0,2
1760406577,1,1,7
1866226552,1,0,0
2214431811,1,0,2
2291652443,1,2,2
1822699185,0,0,1
1733346380,0,1,1
2125918271,1,1,2
2659290432,1,1,2
3013900865,1,1,6
1429686442,1,1,1
2594926770,0,1,1
1833029952,1,0,1
2688478037,0,2,3
3019094253,1,1,1
1743963555,0,2,2
3201080234,1,2,1
1936995274,1,2,1
2799407262,1,1,4
2623020181,1,2,2
3056549105,1,2,5
2423848020,1,2,3
1628273642,1,1,1
2811552052,1,2,4
1223229824,1,1,2
1427684561,1,0,1
2810943700,1,0,3
3084832783,1,2,1
1763382307,1,2,3
2754204483,1,2,0
1600777320,1,2,2
3024669417,1,2,4
1907742187,0,1,2
2651802271,1,2,4
2429305477,0,1,1
1678939402,1,1,4
1529041237,1,1,1
1889660292,1,1,2
1815325695,1,2,5
1591150261,1,0,1
1969365447,1,1,0
1808018275,1,2,4
2880393041,1,2,2
2182811910,1,2,3
1219089595,1,0,2
1787804830,1,1,4
1205190321,1,0,4
3249745955,1,1,4
2158004157,1,1,4
1820386542,0,2,4
1215681770,0,1,1
2507282204,1,2,4
1670707307,0,1,1
1594642361,1,1,4
1656783265,1,2,1
3027579703,1,2,3
2905833737,1,2,2
2822433131,1,2,5
3167856880,1,1,7
1789774877,1,2,2
3209049233,1,0,5
1523039935,1,1,2
1842038913,0,1,1
1659250914,1,2,6
2619852001,1,1,2
2467626205,1,1,1
2296640913,1,1,2
2311276133,1,2,3
2296507284,1,0,2
3082493931,1,2,6
2263665901,0,2,1
1410905461,1,1,0
2414801533,1,0,2
1891191473,1,2,1
1409370864,1,2,1
2456011784,1,1,2
1801867285,1,1,4
1750702474,1,1,4
2747813773,1,2,7
2706680732,1,1,1
1410040684,1,1,0
1652726033,1,1,6
1380447692,1,1,6
334848,1,0,3
3166364563,1,0,3
1644372270,0,2,4
2988008467,1,2,2
1409506315,1,2,1
1688809464,1,0,2
1854784127,1,0,2
1218789531,1,1,7
2460835804,1,2,3
1638164485,1,1,1
2526725442,0,1,1
2291840345,1,2,2
2733718627,1,0,6
3149104387,1,2,2
2397154734,0,1,4
2319586864,0,2,2
3108919057,0,0,6
1882451217,0,2,1
1044113481,0,1,1
1814271291,1,0,4
2626234105,0,2,3
2245396161,0,2,2
1776474812,1,1,7
1295082491,1,1,2
2358144385,1,0,1
3186619002,1,2,4
1600436767,1,1,4
1454668585,1,1,3
2094312651,0,0,1
2271675445,0,2,1
2465319562,1,1,4
2713393517,1,0,5
2773526137,1,0,1
3190413431,1,2,2
1253896114,1,2,7
1498619000,1,0,2
2697163001,1,2,2
2477321797,1,1,4
2322791640,0,1,1
1618608203,0,2,1
2552685371,0,1,3
1220903012,1,1,3
1097559010,1,1,1
2747435462,0,1,1
2656910012,1,2,3
2915500361,1,1,2
2973279853,1,2,1
1725971003,1,2,4
1441582307,1,1,5
3172443623,1,2,4
2645408622,1,1,4
1450208567,1,1,4
2273806307,0,2,1
1156807011,1,1,1
2881018944,1,0,1
2465292402,1,1,4
2662320343,1,1,1
1337293853,1,1,2
3147436910,1,2,1
1912093330,1,1,1
1421663242,1,1,1
2793063151,0,1,4
2880335233,0,1,1
2795895732,1,1,1
2719842701,1,1,1
1482981197,1,0,2
2128746645,1,1,4
1557965284,1,2,2
1941051697,1,1,7
2532118582,0,2,2
1630155763,0,1,5
1473642967,1,1,3
2584183642,1,2,5
1709644885,1,1,6
2653861691,0,2,4
2072494965,1,1,1
1758872764,0,1,3
1831326530,1,1,2
3184921140,1,2,3
1742369180,1,1,4
1747174182,1,1,1
1432904495,1,2,2
2474308317,1,2,0
2710673431,1,1,1
2784321511,1,1,1
2674700793,0,2,4
2515712462,1,2,2
1373697342,1,1,2
2375098232,1,1,0
1909183491,1,1,2
1403889625,0,0,1
1800202053,1,1,2
2189607571,0,1,2
1186369920,1,1,7
2163137277,1,1,4
1749228091,1,1,1
1079974894,1,1,0
1895165703,1,0,2
2480273750,0,1,2
2547880305,0,2,1
3195898207,1,1,4
3059108227,1,1,4
1724986557,1,1,1
2940137915,1,2,7
2628447341,1,1,4
2272694884,1,2,5
1825020637,1,2,1
1488461922,1,0,2
1740079973,1,1,1
1814003972,0,2,2
2881075210,1,1,1
2671277543,0,1,2
2382616512,1,2,3
2273533682,1,1,1
2160330273,1,1,3
1723371371,1,0,5
1300444983,0,0,2
1604385120,1,1,7
2416721451,0,1,1
3237489532,1,2,2
1418228107,1,1,0
2383370055,1,1,1
2486584057,1,1,2
1810942553,1,1,4
2569459973,0,2,2
1554190801,1,0,4
2744688277,1,1,1
2641943523,0,2,4
1442324415,1,1,1
1949303291,0,1,1
3106535127,1,1,2
2659319484,0,1,4
1033009482,1,0,1
1824311077,0,1,7
1528578573,0,2,7
2489309743,0,0,1
1078312972,1,1,4
2455884387,1,2,3
2637583371,0,2,2
1046075664,1,0,2
1698143077,1,1,1
2907446875,1,1,7
2596437891,0,2,2
2392151664,1,2,5
2292357971,1,1,1
1763447770,1,1,2
2840922932,1,2,2
2705358821,1,2,3
2395024050,1,1,2
2360459467,0,2,5
2726901713,1,0,1
1484199704,1,0,4
2545433761,0,1,2
1447209971,1,0,2
1845807232,1,2,3
2835310037,1,1,1
1916991147,1,2,1
1807639553,1,1,2
1828303945,0,1,1
1905674407,1,0,1
1652841480,1,1,2
1869135493,1,1,6
1645262897,1,1,2
1756399573,0,1,4
2059890835,1,1,2
1743436631,0,1,1
1733943373,0,1,6
2934527897,1,1,1
1650772587,1,1,3
1705648230,0,1,5
1922170843,1,0,2
2170102674,1,2,2
1601772722,1,2,3
1138850332,1,1,7
1061981893,1,1,4
1231213804,1,1,3
2770323867,1,2,0
2938531561,0,1,7
1856477682,0,2,4
1325352645,0,1,1
2203352374,1,0,7
1196633497,1,1,2
1903727532,1,1,2
2780358400,1,2,5
1562190023,1,1,0
2746083127,1,0,1
2489288290,1,1,2
1509789544,1,1,2
2793568640,1,1,4
1751386127,1,1,4
1762665763,1,1,4
2265730167,1,1,1
2283017000,1,2,4
2282715492,1,0,2
2706136362,1,2,1
3074254997,1,0,1
1085325134,1,1,2
1738398805,1,2,3
1040014005,1,0,1
1811491160,0,2,5
1946336211,1,1,4
3143445257,0,1,5
1285700323,1,1,2
1292363385,1,1,4
1668214721,0,1,2
3229225203,0,2,1
2169424274,0,1,2
1798308100,1,1,4
1838964595,0,2,3
1411755737,1,1,4
1913644763,1,1,1
2145010483,1,1,2
1055037914,1,1,2
1579708720,1,2,7
2015632590,1,1,4
1802129715,1,1,4
1818954647,1,1,5
1427853850,1,0,1
2352002987,1,1,2
2268509910,1,0,2
1215233725,0,1,3
1171440582,1,1,5
2740895811,0,1,1
1769459054,0,1,3
1878139627,1,1,1
2342379201,1,1,2
2816218181,0,1,4
3145187785,1,0,1
1688737393,1,1,1
3189178700,1,2,5
2325058815,1,2,4
1886702350,1,1,7
1683182625,0,1,3
2345291501,1,1,2
1795764135,1,0,1
1421227401,1,1,2
1833410171,1,0,0
3116314937,0,1,2
1460118780,1,1,2
1273227350,1,2,3
2473407055,1,1,3
1739050361,1,1,3
2277642625,0,1,1
1661900445,1,1,2
2411589077,1,0,4
1080751902,1,0,1
2083903975,1,2,4
2821608913,1,1,2
1890234751,1,1,4
1768855064,1,2,2
1706388565,1,1,1
1795705157,1,2,2
1630415970,0,1,2
2414259765,1,2,2
1646174212,1,0,3
2701277834,1,2,2
1334400675,1,1,0
3003597215,0,1,1
3218690510,0,1,1
2567226767,0,2,7
2695396551,1,1,1
2212752075,1,1,2
1879946704,0,1,1
2216867495,1,1,2
1912492714,0,2,2
2953252250,0,1,2
3052287163,1,2,4
1742761943,1,1,2
2495424915,1,2,4
1667134877,1,1,7
2537865303,0,2,4
1672019473,1,2,1
2523586895,1,1,4
1181598464,1,0,1
2778305661,1,2,2
1862162570,1,2,2
2636237513,0,2,5
1663387787,0,1,1
1658202487,1,1,5
1653501932,1,1,1
1494923480,1,0,1
2247605827,0,1,1
1835971903,0,1,1
2133693723,1,2,4
1824327963,1,0,1
2459163542,1,1,4
2219939362,1,1,2
2299828595,1,0,2
1912273872,1,1,2
2288748593,1,1,4
1736481434,1,1,4
2704499620,0,0,0
1216507363,1,1,5
1808868032,1,2,3
2562900590,1,1,4
1842705711,1,1,4
3171217184,1,1,1
2656967903,1,2,2
1214715861,1,1,4
3196055997,1,1,4
1877563665,1,2,1
2876281662,1,1,4
2714908957,1,1,5
2740084167,0,0,1
2354249761,0,2,3
2425664605,0,1,1
1918029155,1,2,4
1132853697,1,1,2
2704134475,1,1,6
3041165764,0,2,2
1313597291,0,2,1
1088859291,1,1,2
1687064771,1,2,3
1635526904,1,1,3
1723176453,0,1,1
2759480757,1,1,2
1423816837,1,1,6
1612317601,0,1,1
2785530697,0,2,1
1904472354,0,1,4
2936972804,1,2,2
1944738790,1,1,2
2820901547,1,1,1
1267372954,1,1,2
3187457720,1,1,1
2312116581,0,2,3
1161190494,1,1,2
1791997901,0,1,1
1682358095,0,2,1
2415315627,1,2,5
1889948502,1,1,2
1803423167,1,2,5
1564290222,1,1,4
1244116792,1,0,1
2253875302,0,2,1
1878018051,1,2,3
1236263685,1,1,1
2667759853,1,1,2
2162841384,1,1,2
2399261133,1,0,2
2462584292,0,1,2
2250581903,1,1,0
1779350785,1,2,4
2010880423,0,1,2
2812133050,1,2,3
2253560473,1,1,1
1690677517,1,2,1
2810960480,0,2,2
2048046853,1,0,1
1299688795,1,1,3
2621946223,0,1,1
1906033920,1,1,4
1735587854,1,1,2
1229514761,1,1,1
1896917423,1,0,2
2665104493,1,0,1
2511975691,1,1,1
2651792243,1,2,1
2203197232,0,2,5
1827183417,0,1,1
2147847904,1,2,4
1365746542,0,1,2
1847327545,1,1,4
1757822177,1,1,7
2717100121,1,2,4
2296881017,0,0,2
2108042622,1,1,4
2634723891,1,1,1
1873931330,0,1,2
1787921645,1,1,2
1597148407,1,1,3
1277981525,0,1,2
2714265892,1,1,0
1872468392,1,2,2
2450964365,1,0,1
3068206017,1,2,0
2417153353,1,1,2
1479255343,1,0,5
2623616573,1,2,3
1795420571,0,1,4
1863187811,0,2,0
1989335967,1,0,7
2571225687,1,1,5
1760921874,0,1,4
1955388797,1,1,1
2690940267,1,1,1
1716659125,0,1,1
1769499381,1,0,1
2587917400,0,1,1
1744437603,1,1,4
3212290933,0,2,1
2611894214,1,2,3
2473134374,1,1,2
1848692584,1,1,1
1842249143,1,0,2
1790059265,1,2,2
1679000902,1,2,2
1149606622,1,1,4
1098439751,1,1,1
1339708977,0,2,7
2682860945,0,2,7
2650392021,1,1,2
2106549554,1,2,1
2751091175,1,1,2
1904043731,0,1,1
1883264857,1,2,0
2007329923,1,2,1
2203296105,1,1,0
1907843155,1,2,1
1784221090,1,1,2
2202698415,1,1,4
2037139153,1,1,1
1881643502,1,1,4
1497255500,1,1,5
1896675733,1,2,1
2010866131,1,1,2
1652885647,1,1,2
1272927364,1,1,4
1811889527,1,1,4
2834608924,1,1,2
1633640015,1,0,1
1953057030,1,1,1
1017237497,1,1,2
2411086232,0,2,3
1522810623,1,1,3
1422688835,1,1,2
1670453055,1,0,6
2755493845,1,2,5
3077382402,1,0,4
1952012631,1,1,1
1975220404,0,1,1
2429126283,1,1,4
2260653355,1,1,3
1893818995,0,1,1
1401703752,1,0,1
1132905832,1,1,5
1760615222,0,1,4
1868058851,1,1,5
1824038471,0,2,1
1854686113,1,1,1
1156315203,1,0,2
1879468274,0,0,4
2277513264,0,1,2
2813680824,1,2,6
2208057564,1,1,3
2774611021,1,2,0
2501004430,1,2,5
2492122053,1,1,1
2187561721,1,1,5
1400280881,1,1,7
2531948465,1,1,1
2548183854,1,2,2
2421572417,0,1,2
1783098880,1,1,0
1872415702,0,1,6
2689165484,0,2,2
2669363743,1,2,3
3210967961,1,0,2
1904002323,1,1,1
2425509552,1,0,2
2183783371,1,2,2
3221377810,1,2,4
1873922897,1,2,4
1580996811,1,2,5
2440115952,0,2,4
1652625882,0,1,2
2358501817,1,1,5
2214710612,1,2,4
3179241774,1,1,4
2812364547,0,2,0
2195167113,1,1,5
1891270757,0,1,5
2482295164,1,1,1
1633108423,1,1,0
2279706144,1,1,2
1796481232,1,1,4
1671878145,1,1,2
1910296237,1,1,2
2191868531,0,2,1
2298007317,1,0,5
2396475041,1,2,1
1452390382,1,1,3
2327260745,1,0,0
1969706327,1,1,2
1172306862,1,2,3
2089846441,1,1,5
1891131747,1,2,6
1896782677,1,2,5
3140928287,1,2,2
1279098155,1,1,1
2087761441,1,0,2
1867579531,1,1,7
1311327025,1,1,2
1342451464,1,1,3
2102218871,1,0,2
1098921247,1,1,2
1791648965,1,2,4
1214004045,1,1,1
1737800670,1,1,2
3088919385,1,2,4
1252050493,1,0,4
1188305744,0,1,1
2810914071,1,2,4
2982403113,1,2,6
2567039631,0,2,2
2996430704,0,2,1
1792904961,0,1,2
1692586090,0,2,2
1394591631,1,2,1
2546073467,1,0,1
2692924713,1,1,4
1779193437,1,1,4
2532012797,1,2,3
1630361041,1,0,2
1652892037,1,1,2
2171987221,0,0,1
2310567952,1,1,2
2256279635,1,2,1
1852226777,1,1,2
1964326267,1,1,0
2350433790,1,1,2
1730253003,1,1,6
1316731135,1,2,1
1695887802,0,2,1
2646460732,1,1,2
2377375280,1,0,1
1069413290,1,1,2
2129722572,0,2,4
2619037321,1,1,1
2959572022,0,2,4
1180765170,1,1,1
1756612321,1,0,7
1280595180,1,2,0
1790000951,1,1,1
1931856635,1,1,1
1145702832,1,0,1
1805574383,1,1,1
2126132232,0,1,2
1230682273,1,2,1
1081615637,1,0,1
1218350271,1,0,1
2100959053,1,0,1
2520703015,1,1,0
1233772371,0,1,1
2651944912,1,2,5
2108494821,1,1,1
2820469692,1,1,0
1745232040,1,1,4
3229052243,1,1,1
2212769345,1,1,1
2270877305,0,2,1
1645167497,1,1,1
1192803233,1,1,2
2181252162,1,1,4
2376541610,1,1,7
2012869285,0,1,1
2252814920,1,0,4
1610884643,1,0,1
1191857654,1,0,2
1044556270,1,1,2
2017313361,1,2,2
1710992712,1,1,2
2124704541,1,1,2
2798917321,0,1,1
2249929684,1,2,5
2355127521,1,2,3
1083245600,1,1,0
2822422553,1,2,4
1769070765,1,1,1
1990703841,0,1,2
1868234514,1,1,5
2769265435,1,2,7
2119173095,1,1,2
2191837150,1,1,1
2657168903,1,1,1
1401693994,1,0,1
1418689523,1,1,2
1242113882,1,0,4
1649962254,1,1,6
2269210467,0,2,1
2160355365,1,2,2
1165817394,1,1,2
2719343793,0,1,1
2447845567,1,0,2
1353944392,1,0,4
1652143825,0,1,3
2620069663,1,1,1
1528407385,1,1,2
3172523110,0,2,2
2343448375,1,2,1
2347003561,1,2,3
1881493547,1,2,1
2727033845,1,1,4
1375124303,1,1,2
2817275250,0,2,2
1816438825,1,1,1
2704437621,0,1,4
1881146657,0,1,1
1939341250,1,2,4
1314670477,1,1,1
2456033462,1,2,1
1749213591,1,1,2
2549528477,1,0,2
1430298185,0,0,2
1130571394,1,0,6
1603684890,0,1,2
2043513765,1,1,4
2642310523,1,1,5
2149567941,1,2,3
1743599744,0,2,2
2742133462,0,2,5
1155009935,1,0,2
3207842555,1,2,7
3348361060,1,1,2
1248740475,0,1,0
2453473220,0,1,2
2979570043,1,1,1
1919316283,1,1,4
2551537453,1,1,1
2192277252,0,1,2
2519213781,1,1,2
1883187473,1,1,1
2557256294,0,2,2
2748328195,1,2,3
1408412695,1,1,2
1802107422,0,1,4
1836501220,1,1,2
1055305990,1,0,1
2874815044,0,1,4
3279057680,1,2,2
2692349537,1,2,2
2416533892,0,2,4
1932051613,1,2,3
1686325767,1,2,2
1670588721,0,1,4
1449759577,1,0,2
1877090941,1,2,4
2698795773,1,1,1
2157574352,0,1,7
2382697983,1,2,3
2478800172,0,1,2
1696420874,1,1,7
1715869771,1,2,1
2911369843,0,0,2
2120811914,1,2,3
1906612841,0,1,7
1347636160,1,1,0
2118322113,1,1,1
2299685837,1,2,5
2525956054,1,1,2
1461513122,1,0,1
2827763615,1,0,2
1685606660,1,1,7
1424506951,1,2,2
1170576795,1,1,4
2644208142,1,1,4
2381919821,1,2,3
1411272793,1,1,7
1657717931,1,2,0
1376658185,1,0,2
2458941290,1,1,5
2449464747,1,0,1
2441062203,0,2,3
1793623290,1,1,2
1805231944,1,0,2
2606724903,1,1,2
2663180173,0,2,3
2669667481,0,1,2
2409534271,1,2,4
2866849424,0,2,4
1658764815,1,0,2
1077195253,1,1,2
1905307393,1,1,4
2122455355,0,2,1
2696608851,0,0,2
2455842630,1,1,3
1842330282,1,1,4
2213129020,1,2,1
1662062421,1,2,1
1844083050,1,0,4
2352078641,1,2,2
1932751812,1,2,2
2542966420,0,1,2
1650020834,1,1,4
1895249144,0,1,2
2447890724,0,2,4
1763515692,0,1,3
2449461505,1,2,0
2266814072,1,2,5
2535193397,1,2,2
2546363221,1,0,2
1837035424,1,2,4
2697840673,1,1,1
1282572522,1,1,1
2251216004,1,1,4
2489599325,1,2,1
1903805721,1,1,6
2907926331,1,2,2
1296749584,1,1,1
1838432314,1,1,6
2707878357,1,2,6
1705398200,0,1,7
1400948851,1,0,1
3231004140,0,1,4
1146829983,1,1,4
2500173377,0,1,1
3192696110,1,1,1
2651738914,0,1,2
2785835474,1,2,2
1661856184,1,1,4
2684959443,0,1,2
2800936765,0,2,1
1092742434,1,1,7
2250179645,1,1,2
2505452762,0,2,2
1045694292,1,1,2
2696898793,1,1,1
1775484190,1,2,1
1896287095,1,1,1
2885602127,0,1,2
2541728171,0,1,1
2138598061,1,1,4
2116974625,1,1,1
1567423182,0,0,2
2141741613,1,2,2
1823756602,1,2,2
2470416183,0,1,2
1284762193,1,2,1
2155832482,1,1,2
1871078997,0,1,1
1220406007,1,1,1
2289941934,1,2,1
1299508691,1,1,2
1783223067,0,1,4
3223244840,1,2,4
2723948361,1,2,1
1456376717,1,1,2
2525766274,1,1,4
2411831527,1,2,4
2339368963,0,1,3
1397121635,1,0,2
3144238993,1,1,1
2437876731,1,2,1
3115847410,1,1,1
1444825867,1,1,1
1766403945,1,1,4
1821517953,1,2,2
2311832850,0,1,4
1864288962,1,2,5
2911242941,1,2,6
1839697545,0,1,6
1918207227,1,1,1
1730646625,1,0,2
1863116113,0,1,2
3018312305,0,1,4
2899150575,1,1,1
1585825741,1,0,4
1130541561,1,0,1
1760496793,1,1,2
2549475603,1,2,0
1736248183,1,1,4
1891632490,0,2,2
1592061604,1,2,3
1448589451,1,0,0
1609099434,1,1,4
1077565943,1,0,4
1438947422,1,1,1
2391536240,1,1,2
1910568187,1,2,2
2791323627,0,2,5
1265520961,1,1,1
2648335771,1,1,1
2659428641,0,2,2
1157920844,1,0,1
1657094684,1,1,2
2675859440,1,1,3
1612804920,1,1,7
1731898573,1,2,3
2264288684,1,2,4
1468039640,1,1,1
2088028827,0,2,1
2348203983,1,1,2
1771283652,1,2,2
2432160841,1,1,6
2659235775,0,2,4
1728547940,0,1,4
2815818623,1,1,1
2932275344,0,2,4
1661823392,1,1,1
1114593172,0,0,2
1335812870,0,1,1
1067219274,0,1,2
1758207563,1,1,4
2618401281,1,1,4
2542586991,1,1,0
2950182034,1,2,7
2837373582,1,1,7
1791034857,1,2,2
1353249113,0,1,1
1276033573,1,1,1
1408419274,1,1,1
1461007541,1,0,2
3212419225,1,1,1
2630327961,1,1,1
1699077063,1,1,5
1884075884,1,1,1
2312284405,1,1,2
2216968430,1,0,4
2427144071,1,2,3
2209157177,0,1,0
2837371012,1,1,2
2092194217,1,2,5
2562150782,1,2,6
2310500551,1,2,2
2837052904,1,1,2
1633716631,1,1,2
2087391301,1,1,4
2774080423,0,1,2
1465433433,1,1,1
2982655745,0,2,4
2394223285,0,2,1
1641980954,1,1,1
1664154660,1,1,1
1637520867,1,1,3
2482977251,1,2,2
1449521365,1,1,2
3031614282,1,1,4
1591292615,1,1,1
1776452050,1,1,2
1833633874,1,1,0
2627383777,0,1,1
2127368322,1,2,4
1260747704,1,1,1
2845697174,1,0,0
1313472763,1,0,6
2302418723,1,1,3
1305977067,1,1,0
1287699630,0,0,7
2372048084,0,2,2
2423725437,1,2,4
2477006062,1,2,4
2471739513,1,2,1
1854603707,0,2,5
2629533291,1,2,5
2161125412,1,2,2
1743194133,1,2,2
1917626114,1,1,2
1132410290,0,1,4
2708327221,1,0,2
1917343477,1,2,3
2277303943,0,1,1
1604339310,0,1,2
1365283735,0,1,1
1571387912,1,1,1
1831604343,0,1,1
2385294627,1,0,2
1916944527,1,0,2
2348949051,1,2,5
2354841411,1,1,0
1152993553,1,1,7
1829053345,0,1,4
1854465043,0,2,2
2196770910,1,1,1
2393683805,1,1,3
1802727530,1,1,1
1015648157,1,1,7
