uid,0_prob,1_prob,2_prob,3_prob,4_prob,5_prob,6_prob,7_prob,None_prob
1410016511,0.0906070673513,0.270009060707,0.261854424645,0.0782241014799,0.168831168831,0.0845665961945,0.0308064028994,0.0151011778919,0.0
1619396022,0.0906070673513,0.270009060707,0.261854424645,0.0782241014799,0.168831168831,0.0845665961945,0.0308064028994,0.0151011778919,0.0
1855319517,0.0,0.0,1.0,0.0,0.0,0.0,0.0,0.0,0.0
1923214905,0.153846153846,0.0769230769231,0.153846153846,0.153846153846,0.0,0.461538461538,0.0,0.0,0.0
3206847373,0.0,0.0,0.0,0.0,0.0,1.0,0.0,0.0,0.0
1645648351,0.0,0.0,0.0,0.0,1.0,0.0,0.0,0.0,0.0
2246375172,0.0,0.0,0.0,0.0,1.0,0.0,0.0,0.0,0.0
1758661611,0.0,1.0,0.0,0.0,0.0,0.0,0.0,0.0,0.0
2308003093,0.0906070673513,0.270009060707,0.261854424645,0.0782241014799,0.168831168831,0.0845665961945,0.0308064028994,0.0151011778919,0.0
1423236984,0.0,0.333333333333,0.333333333333,0.0,0.333333333333,0.0,0.0,0.0,0.0
1782796481,0.0,0.0,1.0,0.0,0.0,0.0,0.0,0.0,0.0
3128719942,0.0,0.2,0.6,0.2,0.0,0.0,0.0,0.0,0.0
2111181653,0.0,1.0,0.0,0.0,0.0,0.0,0.0,0.0,0.0
2510862543,0.0,0.0,0.0,0.0,1.0,0.0,0.0,0.0,0.0
1871983194,0.0,0.2,0.2,0.2,0.4,0.0,0.0,0.0,0.0
1181431895,0.0,0.0,0.5,0.5,0.0,0.0,0.0,0.0,0.0
2627345571,0.0,0.166666666667,0.166666666667,0.0,0.0,0.5,0.166666666667,0.0,0.0
1073374664,0.0,0.0,1.0,0.0,0.0,0.0,0.0,0.0,0.0
2384305011,0.0,0.5,0.0,0.25,0.0,0.0,0.25,0.0,0.0
2262608590,0.0906070673513,0.270009060707,0.261854424645,0.0782241014799,0.168831168831,0.0845665961945,0.0308064028994,0.0151011778919,0.0
3155084540,0.0,0.0,0.0,0.0,1.0,0.0,0.0,0.0,0.0
2260774397,0.0906070673513,0.270009060707,0.261854424645,0.0782241014799,0.168831168831,0.0845665961945,0.0308064028994,0.0151011778919,0.0
1082420940,0.0906070673513,0.270009060707,0.261854424645,0.0782241014799,0.168831168831,0.0845665961945,0.0308064028994,0.0151011778919,0.0
1402681787,0.0,0.0,1.0,0.0,0.0,0.0,0.0,0.0,0.0
2256919917,0.1,0.1,0.3,0.2,0.2,0.1,0.0,0.0,0.0
3164061791,0.0,0.0,0.0,0.0,0.0,0.0,1.0,0.0,0.0
1731031795,0.0,0.75,0.25,0.0,0.0,0.0,0.0,0.0,0.0
1180502585,0.0,0.0,0.666666666667,0.0,0.0,0.0,0.333333333333,0.0,0.0
2132380980,0.0769230769231,0.0769230769231,0.153846153846,0.153846153846,0.384615384615,0.153846153846,0.0,0.0,0.0
2181797375,0.0,0.5,0.25,0.25,0.0,0.0,0.0,0.0,0.0
2845614373,0.0,0.0,0.0,0.0,0.0,1.0,0.0,0.0,0.0
1750376753,0.0,0.0,0.75,0.0,0.0,0.25,0.0,0.0,0.0
1342147282,0.0,1.0,0.0,0.0,0.0,0.0,0.0,0.0,0.0
2137876737,0.0,0.25,0.0,0.0,0.75,0.0,0.0,0.0,0.0
1762504152,0.0,0.0,0.25,0.0,0.25,0.25,0.25,0.0,0.0
2854188982,0.0,0.333333333333,0.0,0.666666666667,0.0,0.0,0.0,0.0,0.0
1401785002,0.0,0.0,0.0,0.0,0.0,1.0,0.0,0.0,0.0
1086482047,0.0,0.5,0.0,0.0,0.0,0.5,0.0,0.0,0.0
1868517934,0.0906070673513,0.270009060707,0.261854424645,0.0782241014799,0.168831168831,0.0845665961945,0.0308064028994,0.0151011778919,0.0
1740598922,0.142857142857,0.285714285714,0.428571428571,0.0,0.0,0.142857142857,0.0,0.0,0.0
1768137164,0.0,0.0,0.0,0.0,1.0,0.0,0.0,0.0,0.0
2216382331,0.0,0.5,0.0,0.0,0.5,0.0,0.0,0.0,0.0
1889726467,0.0,0.0,1.0,0.0,0.0,0.0,0.0,0.0,0.0
2274870443,0.0906070673513,0.270009060707,0.261854424645,0.0782241014799,0.168831168831,0.0845665961945,0.0308064028994,0.0151011778919,0.0
2564038235,0.0,1.0,0.0,0.0,0.0,0.0,0.0,0.0,0.0
2928274092,0.0,0.0,0.0,0.6,0.4,0.0,0.0,0.0,0.0
2349793513,0.0,0.0,1.0,0.0,0.0,0.0,0.0,0.0,0.0
2205338177,0.0,0.142857142857,0.714285714286,0.0,0.0,0.142857142857,0.0,0.0,0.0
1911862417,0.0,0.0,0.0,0.0,0.0,0.666666666667,0.333333333333,0.0,0.0
2700668292,0.0,0.1,0.1,0.1,0.6,0.1,0.0,0.0,0.0
1405433097,0.0906070673513,0.270009060707,0.261854424645,0.0782241014799,0.168831168831,0.0845665961945,0.0308064028994,0.0151011778919,0.0
1369457251,0.0,0.0,1.0,0.0,0.0,0.0,0.0,0.0,0.0
2099764285,0.5,0.5,0.0,0.0,0.0,0.0,0.0,0.0,0.0
2174907263,0.0,0.0,0.3,0.6,0.0,0.0,0.1,0.0,0.0
2329669855,0.0,0.4,0.0,0.1,0.5,0.0,0.0,0.0,0.0
1763266503,0.2,0.4,0.0,0.2,0.2,0.0,0.0,0.0,0.0
2662349711,0.2,0.0,0.2,0.0,0.4,0.0,0.2,0.0,0.0
1459932801,0.0,0.0,0.0,0.0,0.0,1.0,0.0,0.0,0.0
2835660065,0.0,0.0,1.0,0.0,0.0,0.0,0.0,0.0,0.0
2675330351,0.0,0.0,0.333333333333,0.0,0.666666666667,0.0,0.0,0.0,0.0
1843553850,0.0,0.333333333333,0.666666666667,0.0,0.0,0.0,0.0,0.0,0.0
1769167525,0.0,0.0,0.0,1.0,0.0,0.0,0.0,0.0,0.0
2743059347,0.0,0.5,0.5,0.0,0.0,0.0,0.0,0.0,0.0
2459711325,0.0,0.166666666667,0.166666666667,0.0,0.666666666667,0.0,0.0,0.0,0.0
1877920917,0.0,0.5,0.0,0.0,0.0,0.5,0.0,0.0,0.0
1768369801,0.0,0.0,1.0,0.0,0.0,0.0,0.0,0.0,0.0
1927317025,0.0906070673513,0.270009060707,0.261854424645,0.0782241014799,0.168831168831,0.0845665961945,0.0308064028994,0.0151011778919,0.0
2710871370,0.0,0.0,0.0,0.0,0.166666666667,0.5,0.333333333333,0.0,0.0
1256124482,0.0,0.166666666667,0.666666666667,0.0,0.166666666667,0.0,0.0,0.0,0.0
1881395903,0.5,0.0,0.25,0.25,0.0,0.0,0.0,0.0,0.0
1869091607,0.5,0.5,0.0,0.0,0.0,0.0,0.0,0.0,0.0
2107380817,0.0,0.0,0.5,0.0,0.0,0.5,0.0,0.0,0.0
2173436682,0.0,0.0,0.0,0.0,1.0,0.0,0.0,0.0,0.0
2609577162,0.0,0.0,0.666666666667,0.0,0.333333333333,0.0,0.0,0.0,0.0
1755426127,0.0,0.0,1.0,0.0,0.0,0.0,0.0,0.0,0.0
1701008581,0.0,0.0,0.0,0.0,0.0,0.0,1.0,0.0,0.0
1783119060,0.0,0.0,0.0,0.0,1.0,0.0,0.0,0.0,0.0
2175545804,0.0,0.0,0.5,0.0,0.5,0.0,0.0,0.0,0.0
1216795565,0.0906070673513,0.270009060707,0.261854424645,0.0782241014799,0.168831168831,0.0845665961945,0.0308064028994,0.0151011778919,0.0
2376558805,0.0,0.0,0.5,0.0,0.0,0.5,0.0,0.0,0.0
2507796045,0.0,0.0909090909091,0.272727272727,0.454545454545,0.0,0.0909090909091,0.0909090909091,0.0,0.0
1336351400,0.5,0.0,0.0,0.0,0.5,0.0,0.0,0.0,0.0
1695817525,0.0,0.0,0.0,0.0,0.0,1.0,0.0,0.0,0.0
1849115272,1.0,0.0,0.0,0.0,0.0,0.0,0.0,0.0,0.0
2296571643,0.0,0.0,0.0,0.0,0.0,0.0,1.0,0.0,0.0
2368914063,0.0,0.0,0.0,0.0,1.0,0.0,0.0,0.0,0.0
1414874342,0.2,0.2,0.6,0.0,0.0,0.0,0.0,0.0,0.0
2511704410,0.0,0.0,0.0,0.0,0.0,0.5,0.5,0.0,0.0
1304289710,0.111111111111,0.0,0.777777777778,0.0,0.0,0.0,0.111111111111,0.0,0.0
2050268993,0.0,0.0,1.0,0.0,0.0,0.0,0.0,0.0,0.0
1391429917,0.0906070673513,0.270009060707,0.261854424645,0.0782241014799,0.168831168831,0.0845665961945,0.0308064028994,0.0151011778919,0.0
1567657033,0.0906070673513,0.270009060707,0.261854424645,0.0782241014799,0.168831168831,0.0845665961945,0.0308064028994,0.0151011778919,0.0
2701059532,0.0,1.0,0.0,0.0,0.0,0.0,0.0,0.0,0.0
1279750675,0.0,0.0,0.0,0.0,0.0,1.0,0.0,0.0,0.0
1869335227,0.0,0.142857142857,0.142857142857,0.0,0.571428571429,0.142857142857,0.0,0.0,0.0
3136112385,0.0906070673513,0.270009060707,0.261854424645,0.0782241014799,0.168831168831,0.0845665961945,0.0308064028994,0.0151011778919,0.0
1706144641,0.0,0.0,0.4,0.0,0.6,0.0,0.0,0.0,0.0
2282459260,0.0,0.0,0.0,0.0,0.125,0.875,0.0,0.0,0.0
1425708367,0.0906070673513,0.270009060707,0.261854424645,0.0782241014799,0.168831168831,0.0845665961945,0.0308064028994,0.0151011778919,0.0
1907411770,0.0906070673513,0.270009060707,0.261854424645,0.0782241014799,0.168831168831,0.0845665961945,0.0308064028994,0.0151011778919,0.0
1949830645,0.2,0.6,0.0,0.0,0.0,0.2,0.0,0.0,0.0
1882536614,0.0,0.0,0.5,0.0,0.0,0.5,0.0,0.0,0.0
1526297793,0.0,0.111111111111,0.333333333333,0.333333333333,0.111111111111,0.111111111111,0.0,0.0,0.0
1882993815,0.0906070673513,0.270009060707,0.261854424645,0.0782241014799,0.168831168831,0.0845665961945,0.0308064028994,0.0151011778919,0.0
1350455380,0.0,1.0,0.0,0.0,0.0,0.0,0.0,0.0,0.0
1854142525,0.0,0.333333333333,0.333333333333,0.0,0.333333333333,0.0,0.0,0.0,0.0
1213059394,0.0,0.111111111111,0.222222222222,0.333333333333,0.222222222222,0.111111111111,0.0,0.0,0.0
1311534325,0.0,0.0,0.333333333333,0.333333333333,0.0,0.333333333333,0.0,0.0,0.0
2276432117,0.0,0.0,0.5,0.0,0.0,0.5,0.0,0.0,0.0
2338461283,0.0,0.0,0.0,0.0,0.0,0.0,1.0,0.0,0.0
1784862801,0.0,0.142857142857,0.571428571429,0.0,0.142857142857,0.142857142857,0.0,0.0,0.0
1829288844,0.333333333333,0.0,0.333333333333,0.333333333333,0.0,0.0,0.0,0.0,0.0
1821516832,0.333333333333,0.0,0.416666666667,0.0,0.0,0.25,0.0,0.0,0.0
1259618275,0.0,0.25,0.0,0.5,0.25,0.0,0.0,0.0,0.0
1757077381,0.0,0.0,0.0,1.0,0.0,0.0,0.0,0.0,0.0
2624283101,0.333333333333,0.0,0.333333333333,0.333333333333,0.0,0.0,0.0,0.0,0.0
1904390557,0.0,0.294117647059,0.0588235294118,0.294117647059,0.117647058824,0.117647058824,0.117647058824,0.0,0.0
1217989875,0.25,0.125,0.125,0.25,0.125,0.0,0.125,0.0,0.0
1358649320,0.333333333333,0.333333333333,0.333333333333,0.0,0.0,0.0,0.0,0.0,0.0
2797669124,0.0,0.0,0.5,0.0,0.0,0.5,0.0,0.0,0.0
1961950242,0.0,0.666666666667,0.0,0.333333333333,0.0,0.0,0.0,0.0,0.0
1791115641,0.0,0.25,0.25,0.0,0.25,0.25,0.0,0.0,0.0
2231180301,0.0,0.0,0.0,0.25,0.5,0.25,0.0,0.0,0.0
2661045443,0.0,0.0,0.5,0.0,0.0,0.25,0.25,0.0,0.0
1551311961,0.0,1.0,0.0,0.0,0.0,0.0,0.0,0.0,0.0
1254271303,0.0,0.333333333333,0.333333333333,0.166666666667,0.166666666667,0.0,0.0,0.0,0.0
3271593641,0.0,0.333333333333,0.333333333333,0.0,0.0,0.333333333333,0.0,0.0,0.0
1739128605,0.0,0.0833333333333,0.25,0.0,0.333333333333,0.25,0.0833333333333,0.0,0.0
1875770121,0.0,0.0,0.0,0.333333333333,0.333333333333,0.333333333333,0.0,0.0,0.0
2266192447,0.0,0.0,0.0,0.0,0.0,1.0,0.0,0.0,0.0
1950471321,0.0906070673513,0.270009060707,0.261854424645,0.0782241014799,0.168831168831,0.0845665961945,0.0308064028994,0.0151011778919,0.0
1857549511,0.0,0.2,0.0,0.0,0.2,0.6,0.0,0.0,0.0
1892229353,0.0,0.25,0.0,0.0,0.25,0.5,0.0,0.0,0.0
2734091603,0.0,0.0,0.25,0.5,0.125,0.125,0.0,0.0,0.0
1909016513,0.0,1.0,0.0,0.0,0.0,0.0,0.0,0.0,0.0
2815053851,0.0906070673513,0.270009060707,0.261854424645,0.0782241014799,0.168831168831,0.0845665961945,0.0308064028994,0.0151011778919,0.0
2200292590,0.0,0.0,1.0,0.0,0.0,0.0,0.0,0.0,0.0
1400771093,0.0,0.0909090909091,0.272727272727,0.363636363636,0.0909090909091,0.181818181818,0.0,0.0,0.0
3182814772,0.0,0.333333333333,0.0,0.333333333333,0.333333333333,0.0,0.0,0.0,0.0
2894146075,0.0,0.333333333333,0.0,0.0,0.0,0.666666666667,0.0,0.0,0.0
1807787447,0.333333333333,0.0,0.0,0.0,0.0,0.666666666667,0.0,0.0,0.0
1622589630,0.0769230769231,0.230769230769,0.0769230769231,0.0769230769231,0.230769230769,0.230769230769,0.0769230769231,0.0,0.0
2178733493,0.0,0.636363636364,0.272727272727,0.0,0.0,0.0909090909091,0.0,0.0,0.0
1453457135,0.5,0.5,0.0,0.0,0.0,0.0,0.0,0.0,0.0
2336200461,0.0,0.0,0.75,0.0625,0.125,0.0,0.0625,0.0,0.0
1289594740,0.0,0.0,0.0,0.0,0.5,0.25,0.25,0.0,0.0
1180350117,0.0,0.714285714286,0.142857142857,0.0,0.0,0.142857142857,0.0,0.0,0.0
2384469307,0.25,0.0,0.5,0.0,0.25,0.0,0.0,0.0,0.0
2769029983,0.0,0.0,0.0,0.0,0.0,0.5,0.5,0.0,0.0
2659750053,0.0906070673513,0.270009060707,0.261854424645,0.0782241014799,0.168831168831,0.0845665961945,0.0308064028994,0.0151011778919,0.0
1790038634,0.0,0.0,0.714285714286,0.0,0.0,0.285714285714,0.0,0.0,0.0
1737499791,0.0,0.0,0.25,0.75,0.0,0.0,0.0,0.0,0.0
1258211390,0.0,0.0,1.0,0.0,0.0,0.0,0.0,0.0,0.0
2766594152,0.5,0.5,0.0,0.0,0.0,0.0,0.0,0.0,0.0
1668134532,0.0,0.0,1.0,0.0,0.0,0.0,0.0,0.0,0.0
2583009800,0.0,0.0,0.25,0.25,0.25,0.25,0.0,0.0,0.0
2285664970,0.0906070673513,0.270009060707,0.261854424645,0.0782241014799,0.168831168831,0.0845665961945,0.0308064028994,0.0151011778919,0.0
1951264841,0.0,0.5,0.0,0.0,0.5,0.0,0.0,0.0,0.0
2427050891,0.0,0.428571428571,0.285714285714,0.0,0.0,0.142857142857,0.142857142857,0.0,0.0
1948033613,0.0,0.125,0.625,0.125,0.0,0.125,0.0,0.0,0.0
2718960911,0.0,0.0,0.222222222222,0.444444444444,0.0,0.222222222222,0.111111111111,0.0,0.0
1649489460,0.0,0.0,0.666666666667,0.0,0.0,0.333333333333,0.0,0.0,0.0
1746852880,0.0,0.0,1.0,0.0,0.0,0.0,0.0,0.0,0.0
1992928272,0.0906070673513,0.270009060707,0.261854424645,0.0782241014799,0.168831168831,0.0845665961945,0.0308064028994,0.0151011778919,0.0
1227161661,1.0,0.0,0.0,0.0,0.0,0.0,0.0,0.0,0.0
1870889384,0.0906070673513,0.270009060707,0.261854424645,0.0782241014799,0.168831168831,0.0845665961945,0.0308064028994,0.0151011778919,0.0
1222870324,0.0,0.5,0.0,0.0,0.0,0.5,0.0,0.0,0.0
3119956507,0.0,0.0,0.666666666667,0.0,0.0,0.333333333333,0.0,0.0,0.0
2273421952,0.0,0.0,0.0,1.0,0.0,0.0,0.0,0.0,0.0
2266717031,0.0,0.0,0.0,0.0,0.8,0.0,0.2,0.0,0.0
1815559532,0.0,0.0,0.0,0.0,0.0,1.0,0.0,0.0,0.0
2667875431,0.0906070673513,0.270009060707,0.261854424645,0.0782241014799,0.168831168831,0.0845665961945,0.0308064028994,0.0151011778919,0.0
2691282791,0.0,0.0,0.0,0.0,0.5,0.5,0.0,0.0,0.0
2188020015,0.0,0.0,0.176470588235,0.235294117647,0.294117647059,0.294117647059,0.0,0.0,0.0
2588638300,0.0,0.0,1.0,0.0,0.0,0.0,0.0,0.0,0.0
2390705023,0.0,0.0,0.4,0.0,0.0,0.6,0.0,0.0,0.0
1811820305,0.0,0.333333333333,0.0,0.0,0.0,0.666666666667,0.0,0.0,0.0
1656221350,0.0,0.5,0.5,0.0,0.0,0.0,0.0,0.0,0.0
2952006923,0.0,0.0,0.0,0.0,0.0,0.666666666667,0.333333333333,0.0,0.0
2804557451,0.0,0.0,0.0,0.0,1.0,0.0,0.0,0.0,0.0
1911443683,0.0,0.5,0.0,0.5,0.0,0.0,0.0,0.0,0.0
1860803650,0.0906070673513,0.270009060707,0.261854424645,0.0782241014799,0.168831168831,0.0845665961945,0.0308064028994,0.0151011778919,0.0
1782008280,0.0,0.5,0.333333333333,0.0,0.166666666667,0.0,0.0,0.0,0.0
1735226874,0.0,0.0,0.0,0.0,0.25,0.75,0.0,0.0,0.0
2365600394,0.0,0.0,1.0,0.0,0.0,0.0,0.0,0.0,0.0
2685180230,0.0,0.0,0.5,0.0,0.5,0.0,0.0,0.0,0.0
2949503903,0.0,0.0,0.0,0.0,0.5,0.5,0.0,0.0,0.0
1876037943,0.0,1.0,0.0,0.0,0.0,0.0,0.0,0.0,0.0
1611338545,0.0,0.0,0.0,0.0,1.0,0.0,0.0,0.0,0.0
2906126395,0.0,0.4,0.0,0.0,0.2,0.4,0.0,0.0,0.0
1784030403,0.0,0.0,0.2,0.0,0.8,0.0,0.0,0.0,0.0
2279228045,0.0,0.0,1.0,0.0,0.0,0.0,0.0,0.0,0.0
3229757700,0.0,0.0,0.0,0.0,1.0,0.0,0.0,0.0,0.0
2551338023,0.625,0.0,0.375,0.0,0.0,0.0,0.0,0.0,0.0
1800294004,0.0,0.2,0.0,0.0,0.6,0.2,0.0,0.0,0.0
1001892665,0.0,0.0,0.0,0.0,0.0,1.0,0.0,0.0,0.0
2812390521,0.0,1.0,0.0,0.0,0.0,0.0,0.0,0.0,0.0
2141286043,0.0,0.0,1.0,0.0,0.0,0.0,0.0,0.0,0.0
1560660355,0.0,0.222222222222,0.666666666667,0.0,0.0,0.111111111111,0.0,0.0,0.0
1799884251,0.333333333333,0.0,0.0,0.0,0.0,0.0,0.666666666667,0.0,0.0
1557967392,0.0906070673513,0.270009060707,0.261854424645,0.0782241014799,0.168831168831,0.0845665961945,0.0308064028994,0.0151011778919,0.0
1878793743,0.0,0.0,0.0,0.0,0.0,1.0,0.0,0.0,0.0
2276936790,0.0,0.0,0.0,0.0,0.0,1.0,0.0,0.0,0.0
2649129201,0.157894736842,0.105263157895,0.473684210526,0.0526315789474,0.105263157895,0.0526315789474,0.0526315789474,0.0,0.0
1624082274,0.0,0.0,1.0,0.0,0.0,0.0,0.0,0.0,0.0
2044199527,0.0,0.0,0.0,0.0,1.0,0.0,0.0,0.0,0.0
1973522630,0.0,0.25,0.25,0.0,0.0,0.5,0.0,0.0,0.0
2297803581,0.0,0.0,0.0,0.0,0.0,0.0,1.0,0.0,0.0
1535077593,0.0,0.0,0.454545454545,0.0,0.0,0.454545454545,0.0909090909091,0.0,0.0
2217540607,0.0,0.0,0.5,0.0,0.0,0.0,0.5,0.0,0.0
1972605164,0.0,0.0,1.0,0.0,0.0,0.0,0.0,0.0,0.0
2413703793,0.0,0.0,0.25,0.0,0.0,0.75,0.0,0.0,0.0
2729418627,0.0,0.0,0.0,0.0,0.0,0.0,1.0,0.0,0.0
2301314580,0.0906070673513,0.270009060707,0.261854424645,0.0782241014799,0.168831168831,0.0845665961945,0.0308064028994,0.0151011778919,0.0
2567323907,0.0,0.181818181818,0.0909090909091,0.0909090909091,0.272727272727,0.272727272727,0.0909090909091,0.0,0.0
2297114364,0.0,0.0,0.5,0.0,0.0,0.5,0.0,0.0,0.0
1993022825,0.0,0.0,1.0,0.0,0.0,0.0,0.0,0.0,0.0
2506218074,0.0,0.0,0.0,0.0,0.5,0.5,0.0,0.0,0.0
1771550825,0.0,0.142857142857,0.714285714286,0.142857142857,0.0,0.0,0.0,0.0,0.0
2495682195,0.375,0.375,0.25,0.0,0.0,0.0,0.0,0.0,0.0
2389510393,0.666666666667,0.0,0.0,0.0,0.0,0.0,0.333333333333,0.0,0.0
2843910674,0.0,0.0,1.0,0.0,0.0,0.0,0.0,0.0,0.0
1684196101,0.0,0.166666666667,0.333333333333,0.166666666667,0.166666666667,0.166666666667,0.0,0.0,0.0
2663905674,0.0,0.0,0.5,0.0,0.0,0.5,0.0,0.0,0.0
3257411590,0.0,0.666666666667,0.0,0.0,0.0,0.0,0.333333333333,0.0,0.0
1904038511,0.0,0.0,1.0,0.0,0.0,0.0,0.0,0.0,0.0
1773951174,0.0,0.0,1.0,0.0,0.0,0.0,0.0,0.0,0.0
2784335977,0.0,0.0,0.5,0.142857142857,0.214285714286,0.0714285714286,0.0714285714286,0.0,0.0
1481948243,0.0,0.5,0.0,0.0,0.0,0.5,0.0,0.0,0.0
1663300912,0.0,0.666666666667,0.0,0.333333333333,0.0,0.0,0.0,0.0,0.0
2953446684,0.0,0.0,1.0,0.0,0.0,0.0,0.0,0.0,0.0
1865949691,0.0833333333333,0.0,0.0,0.0833333333333,0.833333333333,0.0,0.0,0.0,0.0
2296739275,0.0,0.333333333333,0.333333333333,0.0,0.0,0.333333333333,0.0,0.0,0.0
1164111482,0.0,0.25,0.75,0.0,0.0,0.0,0.0,0.0,0.0
2728914857,0.0,0.166666666667,0.333333333333,0.0,0.0,0.5,0.0,0.0,0.0
2756929747,0.0,0.666666666667,0.0,0.0,0.0,0.0,0.333333333333,0.0,0.0
1109484895,0.0,0.0,1.0,0.0,0.0,0.0,0.0,0.0,0.0
2514180551,0.0,0.666666666667,0.333333333333,0.0,0.0,0.0,0.0,0.0,0.0
1875969654,0.0,0.0,0.0,0.0,0.0,1.0,0.0,0.0,0.0
2950812610,0.0,0.0,1.0,0.0,0.0,0.0,0.0,0.0,0.0
1888205693,0.0,0.2,0.0,0.0,0.7,0.0,0.1,0.0,0.0
1342419151,0.0,0.0,1.0,0.0,0.0,0.0,0.0,0.0,0.0
2315869661,0.0909090909091,0.636363636364,0.0909090909091,0.0909090909091,0.0,0.0,0.0909090909091,0.0,0.0
1700064781,0.0,0.5,0.5,0.0,0.0,0.0,0.0,0.0,0.0
2204860062,0.0906070673513,0.270009060707,0.261854424645,0.0782241014799,0.168831168831,0.0845665961945,0.0308064028994,0.0151011778919,0.0
2837494161,0.0,0.0,0.0,0.0,0.0,0.5,0.5,0.0,0.0
2111484112,0.25,0.75,0.0,0.0,0.0,0.0,0.0,0.0,0.0
2129031064,0.0,0.5,0.5,0.0,0.0,0.0,0.0,0.0,0.0
1605081383,0.0,0.0,0.0,0.0,0.0,0.25,0.75,0.0,0.0
1866815023,0.0,1.0,0.0,0.0,0.0,0.0,0.0,0.0,0.0
2393915900,0.0,0.0,1.0,0.0,0.0,0.0,0.0,0.0,0.0
1029567183,0.25,0.25,0.0,0.25,0.25,0.0,0.0,0.0,0.0
1775567130,0.0,0.333333333333,0.0,0.333333333333,0.166666666667,0.166666666667,0.0,0.0,0.0
2129306131,0.0906070673513,0.270009060707,0.261854424645,0.0782241014799,0.168831168831,0.0845665961945,0.0308064028994,0.0151011778919,0.0
2537364095,0.0,0.0,0.0,0.0,0.0,0.0,1.0,0.0,0.0
1689591471,0.0,0.166666666667,0.0,0.833333333333,0.0,0.0,0.0,0.0,0.0
1857234890,0.0,0.142857142857,0.571428571429,0.0,0.0,0.142857142857,0.142857142857,0.0,0.0
1408702461,0.0,0.0,0.333333333333,0.0,0.0,0.666666666667,0.0,0.0,0.0
1795193272,0.0,0.125,0.0,0.0,0.25,0.625,0.0,0.0,0.0
1826905190,0.0,0.0,0.0,0.0,1.0,0.0,0.0,0.0,0.0
2267431360,0.0,0.0909090909091,0.727272727273,0.0,0.0909090909091,0.0909090909091,0.0,0.0,0.0
1407474453,0.0,0.0,0.222222222222,0.111111111111,0.444444444444,0.222222222222,0.0,0.0,0.0
1707975884,0.1,0.0,0.3,0.0,0.5,0.1,0.0,0.0,0.0
1806163710,0.0,0.0,0.25,0.0,0.0,0.0,0.75,0.0,0.0
1299794170,0.0,0.25,0.0,0.0,0.5,0.25,0.0,0.0,0.0
1561046121,0.0,0.5,0.0,0.0,0.5,0.0,0.0,0.0,0.0
2937010802,0.0906070673513,0.270009060707,0.261854424645,0.0782241014799,0.168831168831,0.0845665961945,0.0308064028994,0.0151011778919,0.0
2111661731,0.0,0.5,0.5,0.0,0.0,0.0,0.0,0.0,0.0
1015263685,0.05,0.15,0.2,0.35,0.05,0.1,0.1,0.0,0.0
1816307954,0.0906070673513,0.270009060707,0.261854424645,0.0782241014799,0.168831168831,0.0845665961945,0.0308064028994,0.0151011778919,0.0
2950775417,0.0906070673513,0.270009060707,0.261854424645,0.0782241014799,0.168831168831,0.0845665961945,0.0308064028994,0.0151011778919,0.0
1914671373,0.0,0.0,0.0,0.0,0.0,1.0,0.0,0.0,0.0
1505179125,0.0,0.111111111111,0.888888888889,0.0,0.0,0.0,0.0,0.0,0.0
1370557100,0.0,0.5,0.5,0.0,0.0,0.0,0.0,0.0,0.0
1824248113,0.0,0.25,0.0,0.25,0.25,0.25,0.0,0.0,0.0
1772141970,0.0,0.5,0.5,0.0,0.0,0.0,0.0,0.0,0.0
1900879241,0.0,0.0,1.0,0.0,0.0,0.0,0.0,0.0,0.0
1268469180,0.0,1.0,0.0,0.0,0.0,0.0,0.0,0.0,0.0
2196839725,0.0,0.75,0.0,0.25,0.0,0.0,0.0,0.0,0.0
2067504207,0.0,0.0,0.833333333333,0.0,0.0,0.166666666667,0.0,0.0,0.0
1612287434,0.0,0.0,0.5,0.5,0.0,0.0,0.0,0.0,0.0
1887268220,0.0,0.25,0.75,0.0,0.0,0.0,0.0,0.0,0.0
1784061974,0.0,0.0,0.25,0.0,0.25,0.5,0.0,0.0,0.0
1963699563,0.0,0.2,0.0,0.4,0.0,0.2,0.2,0.0,0.0
2076265341,0.666666666667,0.0,0.333333333333,0.0,0.0,0.0,0.0,0.0,0.0
1567509020,0.0,0.666666666667,0.333333333333,0.0,0.0,0.0,0.0,0.0,0.0
2654118001,0.0,0.2,0.8,0.0,0.0,0.0,0.0,0.0,0.0
1579045253,0.0,0.0,0.6,0.4,0.0,0.0,0.0,0.0,0.0
2707101851,0.0,0.0,0.333333333333,0.0,0.0,0.666666666667,0.0,0.0,0.0
1633508920,0.0,0.5,0.0,0.5,0.0,0.0,0.0,0.0,0.0
2143180245,0.0,0.142857142857,0.0,0.0,0.857142857143,0.0,0.0,0.0,0.0
1935514580,0.2,0.2,0.2,0.0,0.4,0.0,0.0,0.0,0.0
2485799420,0.0,0.2,0.2,0.0,0.0,0.0,0.6,0.0,0.0
1629527643,0.142857142857,0.714285714286,0.142857142857,0.0,0.0,0.0,0.0,0.0,0.0
1880700695,0.0,0.5,0.0,0.0,0.0,0.0,0.5,0.0,0.0
2312636217,1.0,0.0,0.0,0.0,0.0,0.0,0.0,0.0,0.0
1807653990,0.0,1.0,0.0,0.0,0.0,0.0,0.0,0.0,0.0
1212946692,0.0,0.0,0.5,0.0,0.5,0.0,0.0,0.0,0.0
1750716655,0.0,0.0,0.0,0.0,1.0,0.0,0.0,0.0,0.0
2707920864,0.0,0.0,1.0,0.0,0.0,0.0,0.0,0.0,0.0
1134820513,0.0,0.0,0.666666666667,0.333333333333,0.0,0.0,0.0,0.0,0.0
2808829835,0.0,0.0,0.0,0.0,0.0,1.0,0.0,0.0,0.0
1651973355,0.0,0.0,0.333333333333,0.333333333333,0.0,0.0,0.333333333333,0.0,0.0
1337381531,0.190476190476,0.214285714286,0.0952380952381,0.119047619048,0.119047619048,0.190476190476,0.0714285714286,0.0,0.0
1434324483,0.0,0.0,1.0,0.0,0.0,0.0,0.0,0.0,0.0
2349205824,0.0,0.0,0.222222222222,0.111111111111,0.444444444444,0.111111111111,0.111111111111,0.0,0.0
3174172605,0.0,0.5,0.0,0.0,0.0,0.5,0.0,0.0,0.0
1082655795,0.0,1.0,0.0,0.0,0.0,0.0,0.0,0.0,0.0
1167037354,0.0,0.0,1.0,0.0,0.0,0.0,0.0,0.0,0.0
1202178165,0.0906070673513,0.270009060707,0.261854424645,0.0782241014799,0.168831168831,0.0845665961945,0.0308064028994,0.0151011778919,0.0
2266014712,0.0,0.0,1.0,0.0,0.0,0.0,0.0,0.0,0.0
2044221315,0.0906070673513,0.270009060707,0.261854424645,0.0782241014799,0.168831168831,0.0845665961945,0.0308064028994,0.0151011778919,0.0
2608609420,0.142857142857,0.0,0.0,0.142857142857,0.571428571429,0.142857142857,0.0,0.0,0.0
2259343132,0.0,0.0,1.0,0.0,0.0,0.0,0.0,0.0,0.0
1048098007,0.0,0.0,1.0,0.0,0.0,0.0,0.0,0.0,0.0
2108129674,0.0,0.0,0.0,0.0,0.0,0.0,1.0,0.0,0.0
1904305252,0.5,0.0,0.0,0.0,0.0,0.5,0.0,0.0,0.0
1904814771,0.1,0.6,0.1,0.0,0.0,0.2,0.0,0.0,0.0
2762276245,0.0906070673513,0.270009060707,0.261854424645,0.0782241014799,0.168831168831,0.0845665961945,0.0308064028994,0.0151011778919,0.0
2659500371,0.0,0.333333333333,0.0,0.0,0.333333333333,0.333333333333,0.0,0.0,0.0
2322442152,0.0906070673513,0.270009060707,0.261854424645,0.0782241014799,0.168831168831,0.0845665961945,0.0308064028994,0.0151011778919,0.0
2385569543,0.0906070673513,0.270009060707,0.261854424645,0.0782241014799,0.168831168831,0.0845665961945,0.0308064028994,0.0151011778919,0.0
1872130685,0.0906070673513,0.270009060707,0.261854424645,0.0782241014799,0.168831168831,0.0845665961945,0.0308064028994,0.0151011778919,0.0
1808485297,0.0,0.2,0.0,0.0,0.2,0.2,0.4,0.0,0.0
1436900913,0.0,0.0,0.666666666667,0.0,0.0,0.222222222222,0.111111111111,0.0,0.0
1081772631,0.0,0.0,0.625,0.25,0.0,0.0,0.125,0.0,0.0
1797627874,0.0,0.0,1.0,0.0,0.0,0.0,0.0,0.0,0.0
2199734863,0.0906070673513,0.270009060707,0.261854424645,0.0782241014799,0.168831168831,0.0845665961945,0.0308064028994,0.0151011778919,0.0
1760667707,0.0,0.0,0.666666666667,0.0,0.333333333333,0.0,0.0,0.0,0.0
1234491327,0.0714285714286,0.142857142857,0.285714285714,0.214285714286,0.142857142857,0.142857142857,0.0,0.0,0.0
1897582007,0.0,0.333333333333,0.666666666667,0.0,0.0,0.0,0.0,0.0,0.0
1692776767,0.125,0.0625,0.25,0.3125,0.0625,0.125,0.0625,0.0,0.0
2948535201,0.0,0.333333333333,0.0,0.333333333333,0.333333333333,0.0,0.0,0.0,0.0
1849260573,0.0,0.0,0.6,0.0,0.2,0.2,0.0,0.0,0.0
1878440040,0.0906070673513,0.270009060707,0.261854424645,0.0782241014799,0.168831168831,0.0845665961945,0.0308064028994,0.0151011778919,0.0
1934463567,0.0,0.142857142857,0.0,0.142857142857,0.142857142857,0.571428571429,0.0,0.0,0.0
2672797953,0.0906070673513,0.270009060707,0.261854424645,0.0782241014799,0.168831168831,0.0845665961945,0.0308064028994,0.0151011778919,0.0
1673944117,0.0,0.5,0.5,0.0,0.0,0.0,0.0,0.0,0.0
2364478010,0.0,0.75,0.0,0.0,0.0,0.25,0.0,0.0,0.0
2179538061,0.0,0.0,0.166666666667,0.0,0.0,0.833333333333,0.0,0.0,0.0
1774190893,0.0,0.0,0.5,0.5,0.0,0.0,0.0,0.0,0.0
2402185823,0.0,0.0,0.333333333333,0.666666666667,0.0,0.0,0.0,0.0,0.0
1653069764,0.0906070673513,0.270009060707,0.261854424645,0.0782241014799,0.168831168831,0.0845665961945,0.0308064028994,0.0151011778919,0.0
2338924007,0.0,1.0,0.0,0.0,0.0,0.0,0.0,0.0,0.0
3034711345,0.0,1.0,0.0,0.0,0.0,0.0,0.0,0.0,0.0
2536098340,0.5,0.0,0.0,0.0,0.0,0.5,0.0,0.0,0.0
2554709357,0.0,0.6,0.2,0.0,0.0,0.2,0.0,0.0,0.0
2512208257,0.0,0.555555555556,0.222222222222,0.0,0.0,0.111111111111,0.111111111111,0.0,0.0
2887049881,0.0,0.333333333333,0.333333333333,0.0,0.0,0.333333333333,0.0,0.0,0.0
1616059977,0.0,0.2,0.4,0.2,0.0,0.0,0.2,0.0,0.0
1592871341,0.0,0.285714285714,0.0,0.0,0.142857142857,0.571428571429,0.0,0.0,0.0
2721732723,0.0,0.0,0.0,0.6,0.0,0.3,0.1,0.0,0.0
2552760570,0.0,1.0,0.0,0.0,0.0,0.0,0.0,0.0,0.0
2612653585,0.0,0.666666666667,0.333333333333,0.0,0.0,0.0,0.0,0.0,0.0
1925146627,0.0,1.0,0.0,0.0,0.0,0.0,0.0,0.0,0.0
2206164465,0.0,0.0,0.0,1.0,0.0,0.0,0.0,0.0,0.0
1790033941,0.166666666667,0.166666666667,0.0,0.166666666667,0.0,0.333333333333,0.166666666667,0.0,0.0
3026342787,0.0,0.142857142857,0.0,0.142857142857,0.285714285714,0.142857142857,0.285714285714,0.0,0.0
1820484135,0.0,0.333333333333,0.333333333333,0.0,0.0,0.333333333333,0.0,0.0,0.0
1260006365,0.5,0.5,0.0,0.0,0.0,0.0,0.0,0.0,0.0
1950871960,0.0,0.0,0.666666666667,0.0,0.0,0.333333333333,0.0,0.0,0.0
2516165743,0.0,0.75,0.25,0.0,0.0,0.0,0.0,0.0,0.0
2646867943,0.0906070673513,0.270009060707,0.261854424645,0.0782241014799,0.168831168831,0.0845665961945,0.0308064028994,0.0151011778919,0.0
1850000380,0.0,0.125,0.25,0.0,0.0,0.5,0.125,0.0,0.0
2574740464,0.0,0.0,0.0,0.25,0.0,0.75,0.0,0.0,0.0
2797109895,0.0,0.0,0.0,0.0,0.666666666667,0.333333333333,0.0,0.0,0.0
1773843102,0.0,0.166666666667,0.0,0.0,0.333333333333,0.5,0.0,0.0,0.0
1366428145,0.0,0.25,0.75,0.0,0.0,0.0,0.0,0.0,0.0
1320655327,0.0,0.0,0.666666666667,0.333333333333,0.0,0.0,0.0,0.0,0.0
1894374581,0.0,0.0,0.0,0.0,1.0,0.0,0.0,0.0,0.0
2432310462,0.0,0.0,0.5,0.0,0.125,0.375,0.0,0.0,0.0
1871406923,0.0,1.0,0.0,0.0,0.0,0.0,0.0,0.0,0.0
1756626457,0.0,0.2,0.6,0.0,0.0,0.2,0.0,0.0,0.0
2775463701,0.0,0.0714285714286,0.571428571429,0.142857142857,0.0,0.0714285714286,0.142857142857,0.0,0.0
1655732820,0.0,0.0,0.0,0.0,0.75,0.25,0.0,0.0,0.0
1590497077,0.333333333333,0.5,0.0,0.166666666667,0.0,0.0,0.0,0.0,0.0
1682059491,0.0,0.0,0.8,0.0,0.0,0.2,0.0,0.0,0.0
2170831601,0.333333333333,0.666666666667,0.0,0.0,0.0,0.0,0.0,0.0,0.0
1967887737,0.0,1.0,0.0,0.0,0.0,0.0,0.0,0.0,0.0
1628442321,0.333333333333,0.166666666667,0.0,0.0,0.0,0.166666666667,0.333333333333,0.0,0.0
1429623741,0.0,0.333333333333,0.333333333333,0.0,0.0,0.333333333333,0.0,0.0,0.0
1572623734,0.0769230769231,0.384615384615,0.0769230769231,0.153846153846,0.0769230769231,0.0,0.230769230769,0.0,0.0
2034927202,0.0,0.0,1.0,0.0,0.0,0.0,0.0,0.0,0.0
2880507220,0.0906070673513,0.270009060707,0.261854424645,0.0782241014799,0.168831168831,0.0845665961945,0.0308064028994,0.0151011778919,0.0
1788888261,0.0833333333333,0.0833333333333,0.25,0.583333333333,0.0,0.0,0.0,0.0,0.0
1080114825,0.75,0.0,0.0,0.0,0.25,0.0,0.0,0.0,0.0
3167612943,0.25,0.25,0.375,0.125,0.0,0.0,0.0,0.0,0.0
2399202663,0.0906070673513,0.270009060707,0.261854424645,0.0782241014799,0.168831168831,0.0845665961945,0.0308064028994,0.0151011778919,0.0
1460250771,0.0,0.153846153846,0.307692307692,0.307692307692,0.0,0.230769230769,0.0,0.0,0.0
3128394350,0.0,0.0,0.0,0.4,0.4,0.2,0.0,0.0,0.0
1724544161,0.0,0.25,0.5,0.0,0.125,0.0,0.125,0.0,0.0
1660210445,0.0,0.5,0.0,0.25,0.25,0.0,0.0,0.0,0.0
1678907992,0.0,0.0,0.111111111111,0.0,0.0,0.666666666667,0.222222222222,0.0,0.0
1596636453,0.333333333333,0.166666666667,0.166666666667,0.166666666667,0.0,0.166666666667,0.0,0.0,0.0
1673187344,0.0906070673513,0.270009060707,0.261854424645,0.0782241014799,0.168831168831,0.0845665961945,0.0308064028994,0.0151011778919,0.0
2673384233,0.05,0.05,0.3,0.15,0.4,0.05,0.0,0.0,0.0
1870635365,0.0,0.111111111111,0.111111111111,0.333333333333,0.222222222222,0.111111111111,0.111111111111,0.0,0.0
2687465613,0.0906070673513,0.270009060707,0.261854424645,0.0782241014799,0.168831168831,0.0845665961945,0.0308064028994,0.0151011778919,0.0
2484939862,0.0,0.0,0.0,0.0,0.0,1.0,0.0,0.0,0.0
2730365161,0.0,0.333333333333,0.5,0.0,0.166666666667,0.0,0.0,0.0,0.0
1706776895,0.0906070673513,0.270009060707,0.261854424645,0.0782241014799,0.168831168831,0.0845665961945,0.0308064028994,0.0151011778919,0.0
2942593560,0.0,0.0,0.0,0.0,0.0,0.0,1.0,0.0,0.0
1845354127,0.25,0.25,0.25,0.0,0.0,0.0,0.25,0.0,0.0
2207715463,0.0,0.0,0.25,0.25,0.25,0.0,0.25,0.0,0.0
2742261533,0.333333333333,0.0,0.333333333333,0.0,0.333333333333,0.0,0.0,0.0,0.0
2774544673,0.125,0.375,0.125,0.125,0.25,0.0,0.0,0.0,0.0
2481199652,0.0,0.5,0.0,0.25,0.0,0.25,0.0,0.0,0.0
2713133091,0.5,0.0,0.0,0.0,0.5,0.0,0.0,0.0,0.0
2219067353,0.0,0.0,0.0,0.5,0.0,0.0,0.5,0.0,0.0
1914623354,0.333333333333,0.333333333333,0.333333333333,0.0,0.0,0.0,0.0,0.0,0.0
1850144891,0.0,0.0,0.0,0.0,1.0,0.0,0.0,0.0,0.0
2568971000,0.0,0.0,0.333333333333,0.333333333333,0.333333333333,0.0,0.0,0.0,0.0
2150403197,0.294117647059,0.176470588235,0.235294117647,0.0,0.117647058824,0.176470588235,0.0,0.0,0.0
3202558514,0.0906070673513,0.270009060707,0.261854424645,0.0782241014799,0.168831168831,0.0845665961945,0.0308064028994,0.0151011778919,0.0
1118055480,0.0,0.25,0.0,0.0,0.25,0.0,0.5,0.0,0.0
2245469471,0.5,0.0,0.333333333333,0.166666666667,0.0,0.0,0.0,0.0,0.0
2421419745,0.0,0.0,0.142857142857,0.0,0.142857142857,0.714285714286,0.0,0.0,0.0
2646875691,0.0906070673513,0.270009060707,0.261854424645,0.0782241014799,0.168831168831,0.0845665961945,0.0308064028994,0.0151011778919,0.0
1404456230,0.0,0.0,0.0,0.0,0.0,1.0,0.0,0.0,0.0
1084548663,0.0,0.0,0.3,0.4,0.2,0.1,0.0,0.0,0.0
2537982900,0.0,1.0,0.0,0.0,0.0,0.0,0.0,0.0,0.0
1874412275,0.0,0.0,1.0,0.0,0.0,0.0,0.0,0.0,0.0
3097085287,0.0906070673513,0.270009060707,0.261854424645,0.0782241014799,0.168831168831,0.0845665961945,0.0308064028994,0.0151011778919,0.0
1288547201,0.0,0.0,0.0,1.0,0.0,0.0,0.0,0.0,0.0
1449606915,0.0,0.0,0.0,0.333333333333,0.0,0.666666666667,0.0,0.0,0.0
2575744294,0.0906070673513,0.270009060707,0.261854424645,0.0782241014799,0.168831168831,0.0845665961945,0.0308064028994,0.0151011778919,0.0
1401523087,0.0,0.25,0.0,0.0,0.5,0.25,0.0,0.0,0.0
1574901384,0.0,0.666666666667,0.333333333333,0.0,0.0,0.0,0.0,0.0,0.0
1210848117,0.0906070673513,0.270009060707,0.261854424645,0.0782241014799,0.168831168831,0.0845665961945,0.0308064028994,0.0151011778919,0.0
2205539963,0.0906070673513,0.270009060707,0.261854424645,0.0782241014799,0.168831168831,0.0845665961945,0.0308064028994,0.0151011778919,0.0
1429913582,0.0,0.0,1.0,0.0,0.0,0.0,0.0,0.0,0.0
2874327040,0.0,0.333333333333,0.333333333333,0.0,0.0,0.0,0.333333333333,0.0,0.0
1752290457,0.0,0.0,0.666666666667,0.0,0.333333333333,0.0,0.0,0.0,0.0
1736406563,0.666666666667,0.0,0.333333333333,0.0,0.0,0.0,0.0,0.0,0.0
1937383811,0.0,0.5,0.5,0.0,0.0,0.0,0.0,0.0,0.0
2559416394,0.0,0.176470588235,0.470588235294,0.0588235294118,0.117647058824,0.176470588235,0.0,0.0,0.0
1655414147,0.0906070673513,0.270009060707,0.261854424645,0.0782241014799,0.168831168831,0.0845665961945,0.0308064028994,0.0151011778919,0.0
1820236595,0.0,0.5,0.25,0.0,0.0,0.25,0.0,0.0,0.0
2818723755,0.2,0.0,0.1,0.3,0.2,0.0,0.2,0.0,0.0
1846246675,0.333333333333,0.0,0.0,0.0,0.333333333333,0.333333333333,0.0,0.0,0.0
1019005280,0.115384615385,0.0384615384615,0.230769230769,0.0769230769231,0.384615384615,0.115384615385,0.0384615384615,0.0,0.0
1886034342,0.0,0.666666666667,0.0,0.0,0.333333333333,0.0,0.0,0.0,0.0
1804520341,0.25,0.5,0.0,0.0,0.0,0.25,0.0,0.0,0.0
1439276102,0.8,0.0,0.0,0.0,0.0,0.2,0.0,0.0,0.0
1404202485,0.0,0.166666666667,0.333333333333,0.0,0.5,0.0,0.0,0.0,0.0
1843922833,0.333333333333,0.0,0.333333333333,0.0,0.0,0.333333333333,0.0,0.0,0.0
2204256991,0.0,0.333333333333,0.166666666667,0.166666666667,0.0,0.333333333333,0.0,0.0,0.0
1409881495,0.0,0.0,0.25,0.125,0.5,0.0,0.125,0.0,0.0
1095437187,0.25,0.25,0.0,0.0,0.25,0.25,0.0,0.0,0.0
2092347012,0.444444444444,0.0,0.222222222222,0.222222222222,0.0,0.111111111111,0.0,0.0,0.0
2304435725,0.0,0.0,1.0,0.0,0.0,0.0,0.0,0.0,0.0
1486074134,0.0909090909091,0.0909090909091,0.272727272727,0.363636363636,0.0,0.181818181818,0.0,0.0,0.0
1065688531,0.0906070673513,0.270009060707,0.261854424645,0.0782241014799,0.168831168831,0.0845665961945,0.0308064028994,0.0151011778919,0.0
2023594013,0.0,0.166666666667,0.333333333333,0.0,0.5,0.0,0.0,0.0,0.0
2775508144,0.166666666667,0.0,0.5,0.0,0.25,0.0833333333333,0.0,0.0,0.0
1424276064,0.0,0.0,1.0,0.0,0.0,0.0,0.0,0.0,0.0
2679186413,0.4,0.4,0.2,0.0,0.0,0.0,0.0,0.0,0.0
1662280663,0.0,0.428571428571,0.0,0.285714285714,0.0,0.142857142857,0.142857142857,0.0,0.0
1875218733,0.0,0.5,0.0,0.0,0.5,0.0,0.0,0.0,0.0
2509960752,0.0,0.125,0.25,0.125,0.0,0.5,0.0,0.0,0.0
1943505472,0.125,0.125,0.375,0.125,0.25,0.0,0.0,0.0,0.0
2470248470,0.0,0.0,0.0,0.0,1.0,0.0,0.0,0.0,0.0
2044888381,0.0,0.0,0.0,0.5,0.0,0.5,0.0,0.0,0.0
2305918423,0.0,0.666666666667,0.0,0.0,0.333333333333,0.0,0.0,0.0,0.0
1646471105,0.0,0.0,0.5,0.0,0.5,0.0,0.0,0.0,0.0
1797199785,0.0,0.0,1.0,0.0,0.0,0.0,0.0,0.0,0.0
2636791800,0.0,0.0,0.666666666667,0.166666666667,0.0833333333333,0.0833333333333,0.0,0.0,0.0
1717632821,0.0,0.4,0.0,0.0,0.4,0.2,0.0,0.0,0.0
2501855701,0.0906070673513,0.270009060707,0.261854424645,0.0782241014799,0.168831168831,0.0845665961945,0.0308064028994,0.0151011778919,0.0
1651488551,0.0,0.0,1.0,0.0,0.0,0.0,0.0,0.0,0.0
2168566477,0.0,1.0,0.0,0.0,0.0,0.0,0.0,0.0,0.0
2533956354,0.0,1.0,0.0,0.0,0.0,0.0,0.0,0.0,0.0
1400098041,0.0,0.142857142857,0.285714285714,0.0,0.285714285714,0.285714285714,0.0,0.0,0.0
1903728693,0.0,0.0,0.25,0.75,0.0,0.0,0.0,0.0,0.0
2796159840,0.0,1.0,0.0,0.0,0.0,0.0,0.0,0.0,0.0
2207933493,0.0,0.5,0.0,0.25,0.0,0.25,0.0,0.0,0.0
1683667735,0.0,0.0,0.0,0.0,0.0,1.0,0.0,0.0,0.0
2628035477,0.0,0.0,0.857142857143,0.142857142857,0.0,0.0,0.0,0.0,0.0
3157572164,0.0906070673513,0.270009060707,0.261854424645,0.0782241014799,0.168831168831,0.0845665961945,0.0308064028994,0.0151011778919,0.0
2731951453,1.0,0.0,0.0,0.0,0.0,0.0,0.0,0.0,0.0
1946409491,0.0,0.0,0.0,0.0,1.0,0.0,0.0,0.0,0.0
1772111777,0.0,0.0,1.0,0.0,0.0,0.0,0.0,0.0,0.0
1843716802,0.0,0.0,0.5,0.0,0.0,0.5,0.0,0.0,0.0
2203523972,0.0,0.333333333333,0.333333333333,0.0,0.333333333333,0.0,0.0,0.0,0.0
1233062934,0.0,0.0,0.166666666667,0.166666666667,0.333333333333,0.333333333333,0.0,0.0,0.0
2653820573,0.0906070673513,0.270009060707,0.261854424645,0.0782241014799,0.168831168831,0.0845665961945,0.0308064028994,0.0151011778919,0.0
2692287963,0.0906070673513,0.270009060707,0.261854424645,0.0782241014799,0.168831168831,0.0845665961945,0.0308064028994,0.0151011778919,0.0
1026095792,0.0,0.0,0.666666666667,0.0,0.0,0.0,0.333333333333,0.0,0.0
2387159551,0.0,0.0,0.4,0.0,0.3,0.0,0.3,0.0,0.0
2495734205,0.0,0.0,0.5,0.0,0.0,0.0,0.5,0.0,0.0
3153982355,0.0,0.5,0.5,0.0,0.0,0.0,0.0,0.0,0.0
2514531174,0.0,0.0,0.25,0.25,0.5,0.0,0.0,0.0,0.0
1792016624,0.0,0.0909090909091,0.272727272727,0.0,0.454545454545,0.0,0.181818181818,0.0,0.0
1752852412,0.0906070673513,0.270009060707,0.261854424645,0.0782241014799,0.168831168831,0.0845665961945,0.0308064028994,0.0151011778919,0.0
1066932501,0.0,0.0,1.0,0.0,0.0,0.0,0.0,0.0,0.0
1891915553,0.0,0.0833333333333,0.5,0.0833333333333,0.0,0.0,0.333333333333,0.0,0.0
2474132495,0.0,1.0,0.0,0.0,0.0,0.0,0.0,0.0,0.0
2657751393,0.0,0.0,0.5,0.5,0.0,0.0,0.0,0.0,0.0
1897650370,0.0,0.0,0.8,0.0,0.2,0.0,0.0,0.0,0.0
2980153113,0.0,0.375,0.0625,0.125,0.0625,0.125,0.25,0.0,0.0
1860987250,0.0,0.0,1.0,0.0,0.0,0.0,0.0,0.0,0.0
1569256345,0.0,0.0,0.0,0.75,0.0,0.0,0.25,0.0,0.0
1879087757,0.0,1.0,0.0,0.0,0.0,0.0,0.0,0.0,0.0
1704625624,0.0,0.333333333333,0.666666666667,0.0,0.0,0.0,0.0,0.0,0.0
1744381441,0.0906070673513,0.270009060707,0.261854424645,0.0782241014799,0.168831168831,0.0845665961945,0.0308064028994,0.0151011778919,0.0
1832899381,0.0,0.333333333333,0.333333333333,0.333333333333,0.0,0.0,0.0,0.0,0.0
1789005393,0.5,0.5,0.0,0.0,0.0,0.0,0.0,0.0,0.0
2342095465,0.0906070673513,0.270009060707,0.261854424645,0.0782241014799,0.168831168831,0.0845665961945,0.0308064028994,0.0151011778919,0.0
2748509940,0.0,0.0,0.0,0.0,0.0,1.0,0.0,0.0,0.0
1799512957,0.0666666666667,0.2,0.4,0.0,0.0666666666667,0.266666666667,0.0,0.0,0.0
1088886173,0.0,0.125,0.375,0.125,0.25,0.125,0.0,0.0,0.0
1745330403,0.0,0.0909090909091,0.0909090909091,0.0,0.0,0.727272727273,0.0909090909091,0.0,0.0
2498081120,0.0,1.0,0.0,0.0,0.0,0.0,0.0,0.0,0.0
1801233885,0.0,0.5,0.0,0.0,0.0,0.5,0.0,0.0,0.0
1605624980,0.0,0.0,0.6,0.0,0.0,0.4,0.0,0.0,0.0
2469037041,0.0,0.333333333333,0.333333333333,0.0,0.0,0.333333333333,0.0,0.0,0.0
2674550855,0.0,0.0,0.0,0.0,0.0,1.0,0.0,0.0,0.0
2683110630,0.0,0.2,0.0,0.0,0.0,0.2,0.6,0.0,0.0
1891247401,0.0,0.0,1.0,0.0,0.0,0.0,0.0,0.0,0.0
1960665785,0.0,0.166666666667,0.666666666667,0.0,0.166666666667,0.0,0.0,0.0,0.0
1851396492,0.0,0.0,0.0,0.0,0.0,0.0,1.0,0.0,0.0
2270865927,0.0906070673513,0.270009060707,0.261854424645,0.0782241014799,0.168831168831,0.0845665961945,0.0308064028994,0.0151011778919,0.0
1283514072,0.0,1.0,0.0,0.0,0.0,0.0,0.0,0.0,0.0
2672045501,0.0,0.0,0.5,0.0,0.0,0.5,0.0,0.0,0.0
2498753683,0.0906070673513,0.270009060707,0.261854424645,0.0782241014799,0.168831168831,0.0845665961945,0.0308064028994,0.0151011778919,0.0
1590802710,0.0,0.333333333333,0.333333333333,0.0,0.0,0.0,0.333333333333,0.0,0.0
1743412267,0.0,0.0,1.0,0.0,0.0,0.0,0.0,0.0,0.0
1550899934,0.0,0.0,0.25,0.0,0.0,0.75,0.0,0.0,0.0
1404993361,1.0,0.0,0.0,0.0,0.0,0.0,0.0,0.0,0.0
2000394201,0.0906070673513,0.270009060707,0.261854424645,0.0782241014799,0.168831168831,0.0845665961945,0.0308064028994,0.0151011778919,0.0
2365920504,0.0,0.25,0.0,0.75,0.0,0.0,0.0,0.0,0.0
2243002475,0.0,0.0,0.25,0.25,0.0,0.5,0.0,0.0,0.0
2569678470,0.1,0.1,0.4,0.0,0.2,0.2,0.0,0.0,0.0
1820649290,0.0,0.333333333333,0.0,0.0,0.0,0.666666666667,0.0,0.0,0.0
1713092171,0.0,0.0,0.692307692308,0.0769230769231,0.0769230769231,0.153846153846,0.0,0.0,0.0
1842726523,0.166666666667,0.166666666667,0.166666666667,0.166666666667,0.0,0.0,0.333333333333,0.0,0.0
2406657010,0.0,0.0,1.0,0.0,0.0,0.0,0.0,0.0,0.0
2347137397,0.0,0.0,0.333333333333,0.333333333333,0.0,0.333333333333,0.0,0.0,0.0
2785613607,0.0,0.142857142857,0.428571428571,0.0,0.142857142857,0.142857142857,0.142857142857,0.0,0.0
2403191563,0.0,0.0,0.0,0.0,0.0,1.0,0.0,0.0,0.0
2479928974,0.0,0.0,0.2,0.6,0.0,0.0,0.2,0.0,0.0
1784018553,0.0,0.0,0.0,0.0,1.0,0.0,0.0,0.0,0.0
1973014840,0.0,0.0,0.0,0.0,0.0,1.0,0.0,0.0,0.0
2315856221,0.6,0.2,0.0,0.0,0.0,0.2,0.0,0.0,0.0
2752270161,0.0,0.0,0.333333333333,0.0,0.166666666667,0.166666666667,0.333333333333,0.0,0.0
1695433181,0.0,0.0,0.0,1.0,0.0,0.0,0.0,0.0,0.0
2352007324,0.0,0.0,0.0,0.5,0.0,0.5,0.0,0.0,0.0
1406188225,0.111111111111,0.0,0.555555555556,0.0555555555556,0.222222222222,0.0555555555556,0.0,0.0,0.0
2321552464,0.0,0.333333333333,0.333333333333,0.0,0.0,0.333333333333,0.0,0.0,0.0
1221781763,0.0,0.0,1.0,0.0,0.0,0.0,0.0,0.0,0.0
3048327977,0.5,0.0,0.5,0.0,0.0,0.0,0.0,0.0,0.0
1862475864,0.0,0.0,1.0,0.0,0.0,0.0,0.0,0.0,0.0
2341976130,0.142857142857,0.0,0.0,0.0,0.785714285714,0.0714285714286,0.0,0.0,0.0
1146484450,0.0,1.0,0.0,0.0,0.0,0.0,0.0,0.0,0.0
1800519605,0.0906070673513,0.270009060707,0.261854424645,0.0782241014799,0.168831168831,0.0845665961945,0.0308064028994,0.0151011778919,0.0
1169098837,0.0906070673513,0.270009060707,0.261854424645,0.0782241014799,0.168831168831,0.0845665961945,0.0308064028994,0.0151011778919,0.0
1790118144,0.0,0.0,0.0,1.0,0.0,0.0,0.0,0.0,0.0
1798117135,0.0,0.0,0.333333333333,0.666666666667,0.0,0.0,0.0,0.0,0.0
3326228160,0.0906070673513,0.270009060707,0.261854424645,0.0782241014799,0.168831168831,0.0845665961945,0.0308064028994,0.0151011778919,0.0
1764080752,0.0,0.142857142857,0.142857142857,0.285714285714,0.428571428571,0.0,0.0,0.0,0.0
2095465651,0.4,0.2,0.0,0.0,0.0,0.4,0.0,0.0,0.0
1493010220,0.0,0.0,0.0,0.0,0.0,1.0,0.0,0.0,0.0
2289709777,0.0,0.5,0.5,0.0,0.0,0.0,0.0,0.0,0.0
1967671357,0.0906070673513,0.270009060707,0.261854424645,0.0782241014799,0.168831168831,0.0845665961945,0.0308064028994,0.0151011778919,0.0
1364701794,0.0,0.125,0.125,0.125,0.0,0.5,0.125,0.0,0.0
2097517903,0.0,1.0,0.0,0.0,0.0,0.0,0.0,0.0,0.0
1593031370,0.0,0.0,0.0,0.0,1.0,0.0,0.0,0.0,0.0
1430378363,0.0,0.0,1.0,0.0,0.0,0.0,0.0,0.0,0.0
1771315090,0.0,0.0,1.0,0.0,0.0,0.0,0.0,0.0,0.0
1947027313,0.0,0.0,0.0,1.0,0.0,0.0,0.0,0.0,0.0
2755816213,0.0,0.0,0.0,0.0,0.0,1.0,0.0,0.0,0.0
2535483060,0.0,0.0,0.333333333333,0.0,0.0,0.333333333333,0.333333333333,0.0,0.0
1175975417,0.0,0.0,0.0,0.0,0.0,1.0,0.0,0.0,0.0
2790939911,0.0,0.5,0.0,0.0,0.0,0.0,0.5,0.0,0.0
2549565421,0.0,0.0,0.1,0.1,0.4,0.4,0.0,0.0,0.0
1700614303,0.0,0.0,0.0,0.0,0.0,0.0,1.0,0.0,0.0
2511741151,0.0,0.333333333333,0.166666666667,0.0,0.166666666667,0.166666666667,0.166666666667,0.0,0.0
1144525902,0.0,0.0,0.5,0.0,0.0,0.5,0.0,0.0,0.0
2503108623,0.0,0.0,0.0,0.0,1.0,0.0,0.0,0.0,0.0
2430931812,0.0,0.4,0.2,0.2,0.2,0.0,0.0,0.0,0.0
2330267567,0.0,0.333333333333,0.333333333333,0.0,0.333333333333,0.0,0.0,0.0,0.0
2389228500,0.0,0.0,0.0,0.666666666667,0.333333333333,0.0,0.0,0.0,0.0
2362724291,0.333333333333,0.0,0.0,0.666666666667,0.0,0.0,0.0,0.0,0.0
1028859911,0.0,0.0,1.0,0.0,0.0,0.0,0.0,0.0,0.0
2180426925,0.0,0.125,0.25,0.25,0.125,0.125,0.125,0.0,0.0
1857041743,0.0,0.0,0.0,0.0,0.0,0.0,1.0,0.0,0.0
1826665131,0.0,1.0,0.0,0.0,0.0,0.0,0.0,0.0,0.0
1828420187,0.0,0.0,0.428571428571,0.0,0.142857142857,0.428571428571,0.0,0.0,0.0
2150839112,0.0,0.0,0.75,0.25,0.0,0.0,0.0,0.0,0.0
1925151324,0.0,0.285714285714,0.5,0.0714285714286,0.0,0.142857142857,0.0,0.0,0.0
2425601050,0.0,0.0,0.0,0.0,0.0,1.0,0.0,0.0,0.0
2506153190,0.0,0.0,0.333333333333,0.666666666667,0.0,0.0,0.0,0.0,0.0
3055965743,0.0,0.0,0.857142857143,0.0,0.0,0.142857142857,0.0,0.0,0.0
1871754191,0.0,0.4,0.4,0.0,0.0,0.0,0.2,0.0,0.0
1763363811,0.0,0.5,0.25,0.0,0.25,0.0,0.0,0.0,0.0
2448626895,0.0,0.5,0.0,0.25,0.25,0.0,0.0,0.0,0.0
1846218985,0.0,0.0,0.0,0.0,1.0,0.0,0.0,0.0,0.0
2785823930,0.0,0.166666666667,0.5,0.0,0.166666666667,0.166666666667,0.0,0.0,0.0
1149747961,0.0,0.142857142857,0.571428571429,0.0,0.142857142857,0.142857142857,0.0,0.0,0.0
2645184491,0.0,0.0,0.142857142857,0.428571428571,0.0,0.428571428571,0.0,0.0,0.0
36407257,0.0,0.0,0.0,0.0,0.0,0.0,1.0,0.0,0.0
1365101213,0.0,0.666666666667,0.333333333333,0.0,0.0,0.0,0.0,0.0,0.0
1971409513,0.0,0.0,0.0,0.0,1.0,0.0,0.0,0.0,0.0
1670201175,0.0,0.0,0.0,0.0,0.0,0.0,1.0,0.0,0.0
2473387097,1.0,0.0,0.0,0.0,0.0,0.0,0.0,0.0,0.0
3179054941,0.0,0.0,0.2,0.2,0.4,0.0,0.2,0.0,0.0
2689914600,0.0,0.0,0.0,0.0,1.0,0.0,0.0,0.0,0.0
1044975222,0.571428571429,0.0,0.285714285714,0.0,0.0,0.142857142857,0.0,0.0,0.0
1450412282,0.0,0.25,0.25,0.0,0.0,0.25,0.25,0.0,0.0
1062187237,0.0,0.5,0.5,0.0,0.0,0.0,0.0,0.0,0.0
1580128530,0.166666666667,0.333333333333,0.333333333333,0.166666666667,0.0,0.0,0.0,0.0,0.0
1309029131,0.0,0.0,0.428571428571,0.0,0.0,0.428571428571,0.142857142857,0.0,0.0
2657063365,0.25,0.0,0.5,0.0,0.0,0.0,0.25,0.0,0.0
2213944521,0.0,0.2,0.6,0.2,0.0,0.0,0.0,0.0,0.0
1268934587,0.0588235294118,0.117647058824,0.470588235294,0.235294117647,0.117647058824,0.0,0.0,0.0,0.0
2612335761,0.0,0.0,0.0,0.0,0.0,1.0,0.0,0.0,0.0
2916863225,0.0,0.75,0.25,0.0,0.0,0.0,0.0,0.0,0.0
1534678555,0.0,1.0,0.0,0.0,0.0,0.0,0.0,0.0,0.0
2078579195,1.0,0.0,0.0,0.0,0.0,0.0,0.0,0.0,0.0
2496553681,0.0,0.0,0.875,0.0,0.0,0.125,0.0,0.0,0.0
1364805843,0.0,0.176470588235,0.764705882353,0.0,0.0,0.0588235294118,0.0,0.0,0.0
1825381655,0.0,0.0,0.333333333333,0.0,0.666666666667,0.0,0.0,0.0,0.0
2232523170,0.0,0.333333333333,0.0,0.0,0.333333333333,0.333333333333,0.0,0.0,0.0
3035813681,0.2,0.0,0.0,0.0,0.0,0.2,0.6,0.0,0.0
2607707213,0.0,0.0,0.5,0.0,0.5,0.0,0.0,0.0,0.0
2311674261,0.166666666667,0.0,0.5,0.0,0.0,0.0,0.333333333333,0.0,0.0
2524010904,0.0,1.0,0.0,0.0,0.0,0.0,0.0,0.0,0.0
2802053524,0.0,0.0,0.833333333333,0.0,0.166666666667,0.0,0.0,0.0,0.0
2056071057,0.1,0.1,0.3,0.1,0.0,0.4,0.0,0.0,0.0
2307885497,0.0,0.142857142857,0.571428571429,0.0,0.0,0.142857142857,0.142857142857,0.0,0.0
1791444517,0.0,0.5,0.333333333333,0.0,0.166666666667,0.0,0.0,0.0,0.0
1884495395,0.0,0.4,0.6,0.0,0.0,0.0,0.0,0.0,0.0
2714678121,0.0909090909091,0.0,0.545454545455,0.181818181818,0.0909090909091,0.0,0.0909090909091,0.0,0.0
1819635277,0.0,1.0,0.0,0.0,0.0,0.0,0.0,0.0,0.0
2218616427,0.0,0.0,0.666666666667,0.333333333333,0.0,0.0,0.0,0.0,0.0
1154126064,0.0,0.5,0.0,0.0,0.0,0.0,0.5,0.0,0.0
2623980461,0.285714285714,0.571428571429,0.0,0.142857142857,0.0,0.0,0.0,0.0,0.0
2890979751,0.0,0.0,0.0,0.0,0.0,1.0,0.0,0.0,0.0
2089771773,0.222222222222,0.666666666667,0.111111111111,0.0,0.0,0.0,0.0,0.0,0.0
2194658752,0.0,0.0,0.0,0.0,1.0,0.0,0.0,0.0,0.0
2862246822,0.0,0.0,0.0,0.0,0.0,1.0,0.0,0.0,0.0
2627584383,0.0,0.0,0.4,0.0,0.1,0.5,0.0,0.0,0.0
2017344461,0.0833333333333,0.583333333333,0.0,0.0833333333333,0.0,0.166666666667,0.0833333333333,0.0,0.0
1423034570,0.0,0.0,0.333333333333,0.333333333333,0.0,0.333333333333,0.0,0.0,0.0
2230910281,0.0,0.0,0.0,0.333333333333,0.333333333333,0.166666666667,0.166666666667,0.0,0.0
1875148707,0.0,0.333333333333,0.333333333333,0.0,0.0,0.333333333333,0.0,0.0,0.0
1692258297,0.181818181818,0.727272727273,0.0,0.0909090909091,0.0,0.0,0.0,0.0,0.0
2417203125,0.0906070673513,0.270009060707,0.261854424645,0.0782241014799,0.168831168831,0.0845665961945,0.0308064028994,0.0151011778919,0.0
1614402044,0.5,0.5,0.0,0.0,0.0,0.0,0.0,0.0,0.0
1577671492,0.0,0.0,0.0,0.272727272727,0.0909090909091,0.454545454545,0.181818181818,0.0,0.0
1561900137,0.0,0.0,0.75,0.0,0.25,0.0,0.0,0.0,0.0
2383970027,0.0,0.0,0.0,0.0,0.666666666667,0.333333333333,0.0,0.0,0.0
1763552992,0.0,0.0,0.2,0.0,0.6,0.2,0.0,0.0,0.0
2439750825,0.0,0.166666666667,0.166666666667,0.166666666667,0.5,0.0,0.0,0.0,0.0
1044789120,0.4,0.0,0.2,0.4,0.0,0.0,0.0,0.0,0.0
2683635891,0.0,0.0,0.333333333333,0.0,0.0,0.333333333333,0.333333333333,0.0,0.0
2354090415,0.0,0.0,0.2,0.2,0.0,0.0,0.6,0.0,0.0
3025804590,0.0,0.0,0.0,0.0,1.0,0.0,0.0,0.0,0.0
1726344282,0.0906070673513,0.270009060707,0.261854424645,0.0782241014799,0.168831168831,0.0845665961945,0.0308064028994,0.0151011778919,0.0
2543873633,0.0,0.0,0.0,0.0,0.5,0.5,0.0,0.0,0.0
1764881420,0.2,0.133333333333,0.4,0.133333333333,0.0,0.0666666666667,0.0666666666667,0.0,0.0
1301117945,0.0,0.2,0.4,0.0,0.0,0.2,0.2,0.0,0.0
2403308005,0.142857142857,0.142857142857,0.571428571429,0.0,0.142857142857,0.0,0.0,0.0,0.0
1731170451,0.0,0.0,0.25,0.0,0.5,0.0,0.25,0.0,0.0
2619846483,0.0,0.0,1.0,0.0,0.0,0.0,0.0,0.0,0.0
1916042452,0.0,0.0,0.0,0.0,1.0,0.0,0.0,0.0,0.0
2180361774,0.272727272727,0.181818181818,0.363636363636,0.0,0.0909090909091,0.0909090909091,0.0,0.0,0.0
1199256374,0.333333333333,0.0,0.333333333333,0.0,0.0,0.0,0.333333333333,0.0,0.0
1781880382,0.0,0.0,1.0,0.0,0.0,0.0,0.0,0.0,0.0
2294953760,0.0906070673513,0.270009060707,0.261854424645,0.0782241014799,0.168831168831,0.0845665961945,0.0308064028994,0.0151011778919,0.0
1010554831,0.0,0.2,0.0,0.0,0.8,0.0,0.0,0.0,0.0
2387418905,0.0,0.142857142857,0.571428571429,0.285714285714,0.0,0.0,0.0,0.0,0.0
1909699087,0.0,0.5,0.0,0.0,0.0,0.0,0.5,0.0,0.0
2458572521,0.0,0.0,0.0,0.0,1.0,0.0,0.0,0.0,0.0
1658591610,0.0906070673513,0.270009060707,0.261854424645,0.0782241014799,0.168831168831,0.0845665961945,0.0308064028994,0.0151011778919,0.0
2871952890,0.0,0.25,0.375,0.0,0.125,0.125,0.125,0.0,0.0
2651800493,0.0,0.0,1.0,0.0,0.0,0.0,0.0,0.0,0.0
1880448490,0.0,0.5,0.0,0.0,0.5,0.0,0.0,0.0,0.0
1891743844,0.0,0.5,0.0,0.5,0.0,0.0,0.0,0.0,0.0
1704281311,0.0,0.333333333333,0.0,0.166666666667,0.5,0.0,0.0,0.0,0.0
3194725250,0.0906070673513,0.270009060707,0.261854424645,0.0782241014799,0.168831168831,0.0845665961945,0.0308064028994,0.0151011778919,0.0
2805382354,0.0,0.666666666667,0.0,0.0,0.0,0.333333333333,0.0,0.0,0.0
2709086545,0.0,0.5,0.0,0.0,0.0,0.5,0.0,0.0,0.0
3079824341,0.0,0.75,0.0,0.25,0.0,0.0,0.0,0.0,0.0
1690401877,0.0,1.0,0.0,0.0,0.0,0.0,0.0,0.0,0.0
1046207772,0.0906070673513,0.270009060707,0.261854424645,0.0782241014799,0.168831168831,0.0845665961945,0.0308064028994,0.0151011778919,0.0
1238040702,0.0,0.0,1.0,0.0,0.0,0.0,0.0,0.0,0.0
1827147222,0.0906070673513,0.270009060707,0.261854424645,0.0782241014799,0.168831168831,0.0845665961945,0.0308064028994,0.0151011778919,0.0
2468328091,0.25,0.25,0.25,0.0,0.0,0.0,0.25,0.0,0.0
2649813313,0.0,0.2,0.6,0.0,0.2,0.0,0.0,0.0,0.0
1081286043,0.0,0.0,0.0,0.0,1.0,0.0,0.0,0.0,0.0
3058571533,0.0,0.75,0.0,0.0,0.0,0.0,0.25,0.0,0.0
2552029717,0.0906070673513,0.270009060707,0.261854424645,0.0782241014799,0.168831168831,0.0845665961945,0.0308064028994,0.0151011778919,0.0
2105814823,0.0,1.0,0.0,0.0,0.0,0.0,0.0,0.0,0.0
2532683722,0.0,0.166666666667,0.666666666667,0.0,0.166666666667,0.0,0.0,0.0,0.0
3149831080,0.0,0.142857142857,0.571428571429,0.142857142857,0.0,0.142857142857,0.0,0.0,0.0
2625997121,0.0,0.0,0.5,0.0,0.5,0.0,0.0,0.0,0.0
1450992545,0.0,0.166666666667,0.666666666667,0.0,0.0,0.166666666667,0.0,0.0,0.0
1656282495,0.0906070673513,0.270009060707,0.261854424645,0.0782241014799,0.168831168831,0.0845665961945,0.0308064028994,0.0151011778919,0.0
1917435964,0.0,0.111111111111,0.555555555556,0.111111111111,0.111111111111,0.0,0.111111111111,0.0,0.0
3227714251,0.0906070673513,0.270009060707,0.261854424645,0.0782241014799,0.168831168831,0.0845665961945,0.0308064028994,0.0151011778919,0.0
2357485157,0.0,0.333333333333,0.0,0.333333333333,0.0,0.333333333333,0.0,0.0,0.0
2078548831,0.0,1.0,0.0,0.0,0.0,0.0,0.0,0.0,0.0
1739146054,0.0,0.0,0.0,0.0,1.0,0.0,0.0,0.0,0.0
1675246960,0.0,0.0,0.0,0.0,0.333333333333,0.666666666667,0.0,0.0,0.0
2308722964,0.0,0.0,0.0,0.0,1.0,0.0,0.0,0.0,0.0
1557895317,0.0,0.333333333333,0.0,0.0,0.666666666667,0.0,0.0,0.0,0.0
1682460452,0.0,1.0,0.0,0.0,0.0,0.0,0.0,0.0,0.0
2481315687,0.0,0.0,0.6,0.2,0.0,0.2,0.0,0.0,0.0
2640716583,0.0,0.0,0.0,1.0,0.0,0.0,0.0,0.0,0.0
1025063207,0.0,0.0,1.0,0.0,0.0,0.0,0.0,0.0,0.0
2675142680,0.0,0.0,0.142857142857,0.0,0.857142857143,0.0,0.0,0.0,0.0
85881888,0.25,0.0,0.25,0.25,0.0,0.25,0.0,0.0,0.0
1752233173,0.0,0.0,1.0,0.0,0.0,0.0,0.0,0.0,0.0
2824931453,0.0,0.0,0.666666666667,0.0,0.333333333333,0.0,0.0,0.0,0.0
2494987704,0.0,0.166666666667,0.5,0.333333333333,0.0,0.0,0.0,0.0,0.0
1973512993,0.0,1.0,0.0,0.0,0.0,0.0,0.0,0.0,0.0
2307919703,0.0,1.0,0.0,0.0,0.0,0.0,0.0,0.0,0.0
2680044593,0.0,0.166666666667,0.333333333333,0.166666666667,0.0,0.333333333333,0.0,0.0,0.0
2638910501,0.0,1.0,0.0,0.0,0.0,0.0,0.0,0.0,0.0
1767371980,0.0,0.25,0.5,0.0,0.25,0.0,0.0,0.0,0.0
2320811580,0.0906070673513,0.270009060707,0.261854424645,0.0782241014799,0.168831168831,0.0845665961945,0.0308064028994,0.0151011778919,0.0
1298970841,0.0,0.5,0.0,0.0,0.0,0.5,0.0,0.0,0.0
1831298060,0.0,0.0,1.0,0.0,0.0,0.0,0.0,0.0,0.0
3066415743,0.0,0.333333333333,0.666666666667,0.0,0.0,0.0,0.0,0.0,0.0
1069505673,0.0,1.0,0.0,0.0,0.0,0.0,0.0,0.0,0.0
2623574883,0.0,0.0,0.0,0.0,0.0,1.0,0.0,0.0,0.0
2234021232,0.0,0.0,0.0,1.0,0.0,0.0,0.0,0.0,0.0
1744386610,0.0,0.2,0.8,0.0,0.0,0.0,0.0,0.0,0.0
3172058193,0.0,0.0,0.0,0.0,0.0,1.0,0.0,0.0,0.0
1084506095,0.0,0.0,0.0,0.0,0.0,1.0,0.0,0.0,0.0
3204864835,0.25,0.75,0.0,0.0,0.0,0.0,0.0,0.0,0.0
1593378423,0.0,0.0,1.0,0.0,0.0,0.0,0.0,0.0,0.0
2619690422,0.0,0.0,1.0,0.0,0.0,0.0,0.0,0.0,0.0
1259167387,0.0909090909091,0.181818181818,0.363636363636,0.0,0.0909090909091,0.272727272727,0.0,0.0,0.0
3151326384,0.0,0.0,1.0,0.0,0.0,0.0,0.0,0.0,0.0
1749053427,0.0,0.0,0.0,0.0,1.0,0.0,0.0,0.0,0.0
2425164107,0.0906070673513,0.270009060707,0.261854424645,0.0782241014799,0.168831168831,0.0845665961945,0.0308064028994,0.0151011778919,0.0
3213626021,0.0,0.0,0.0,0.0,0.0,1.0,0.0,0.0,0.0
1802472897,0.0,0.333333333333,0.333333333333,0.0,0.0,0.333333333333,0.0,0.0,0.0
2694884904,0.0,0.0,0.0,0.0,1.0,0.0,0.0,0.0,0.0
1443204235,0.0906070673513,0.270009060707,0.261854424645,0.0782241014799,0.168831168831,0.0845665961945,0.0308064028994,0.0151011778919,0.0
1240974840,0.0,0.0,0.142857142857,0.0,0.0,0.857142857143,0.0,0.0,0.0
2844198345,0.0,0.25,0.0,0.75,0.0,0.0,0.0,0.0,0.0
1789444791,0.142857142857,0.0,0.142857142857,0.714285714286,0.0,0.0,0.0,0.0,0.0
2464330850,0.0906070673513,0.270009060707,0.261854424645,0.0782241014799,0.168831168831,0.0845665961945,0.0308064028994,0.0151011778919,0.0
3095141557,1.0,0.0,0.0,0.0,0.0,0.0,0.0,0.0,0.0
1972433407,0.444444444444,0.0,0.333333333333,0.0,0.0,0.0,0.222222222222,0.0,0.0
2480598637,0.0,1.0,0.0,0.0,0.0,0.0,0.0,0.0,0.0
2230527324,0.75,0.0,0.0,0.25,0.0,0.0,0.0,0.0,0.0
3098170705,0.0906070673513,0.270009060707,0.261854424645,0.0782241014799,0.168831168831,0.0845665961945,0.0308064028994,0.0151011778919,0.0
2657448531,0.0,0.0,0.0,0.0,0.0,1.0,0.0,0.0,0.0
1740311633,0.0909090909091,0.181818181818,0.0,0.181818181818,0.272727272727,0.0,0.272727272727,0.0,0.0
2369014062,0.0,0.0,0.0,0.0,0.0,1.0,0.0,0.0,0.0
1915584425,0.0,0.272727272727,0.545454545455,0.0909090909091,0.0909090909091,0.0,0.0,0.0,0.0
1136170060,0.0,0.5,0.5,0.0,0.0,0.0,0.0,0.0,0.0
2265428800,0.0,0.125,0.5,0.0625,0.0625,0.125,0.125,0.0,0.0
2132934821,0.0909090909091,0.0,0.909090909091,0.0,0.0,0.0,0.0,0.0,0.0
1685341002,0.0906070673513,0.270009060707,0.261854424645,0.0782241014799,0.168831168831,0.0845665961945,0.0308064028994,0.0151011778919,0.0
1164940481,0.0,0.0,0.0,0.0,0.0,1.0,0.0,0.0,0.0
1890949337,0.0,0.111111111111,0.0,0.0,0.0,0.111111111111,0.777777777778,0.0,0.0
1887327501,0.0906070673513,0.270009060707,0.261854424645,0.0782241014799,0.168831168831,0.0845665961945,0.0308064028994,0.0151011778919,0.0
2682210294,0.0,0.0,1.0,0.0,0.0,0.0,0.0,0.0,0.0
2236409380,0.0,0.0,0.214285714286,0.285714285714,0.285714285714,0.214285714286,0.0,0.0,0.0
2390109473,0.4,0.0,0.2,0.0,0.2,0.2,0.0,0.0,0.0
1421405587,0.0,0.0625,0.21875,0.09375,0.0,0.3125,0.3125,0.0,0.0
1569185307,0.25,0.5,0.0,0.0,0.25,0.0,0.0,0.0,0.0
2466258235,0.0,0.5,0.0,0.0,0.0,0.5,0.0,0.0,0.0
2718733481,0.5,0.5,0.0,0.0,0.0,0.0,0.0,0.0,0.0
1361696035,0.0,0.0,0.5,0.0,0.0,0.5,0.0,0.0,0.0
1928671575,0.0906070673513,0.270009060707,0.261854424645,0.0782241014799,0.168831168831,0.0845665961945,0.0308064028994,0.0151011778919,0.0
1837762923,0.0,0.0,0.0,0.0,0.0,1.0,0.0,0.0,0.0
2709303095,0.0,0.25,0.0,0.0,0.0,0.75,0.0,0.0,0.0
1194080941,0.0,0.333333333333,0.333333333333,0.0,0.0,0.333333333333,0.0,0.0,0.0
1409918880,0.2,0.6,0.0,0.0,0.2,0.0,0.0,0.0,0.0
2211353587,0.0,0.25,0.25,0.0,0.0,0.5,0.0,0.0,0.0
1669200370,0.0,1.0,0.0,0.0,0.0,0.0,0.0,0.0,0.0
2445334671,0.0,0.0,0.2,0.0,0.4,0.4,0.0,0.0,0.0
2189696744,0.0,0.0,1.0,0.0,0.0,0.0,0.0,0.0,0.0
1752148461,0.0906070673513,0.270009060707,0.261854424645,0.0782241014799,0.168831168831,0.0845665961945,0.0308064028994,0.0151011778919,0.0
1978099591,0.0,0.0,1.0,0.0,0.0,0.0,0.0,0.0,0.0
2263255282,0.0906070673513,0.270009060707,0.261854424645,0.0782241014799,0.168831168831,0.0845665961945,0.0308064028994,0.0151011778919,0.0
2627791984,0.5,0.0,0.5,0.0,0.0,0.0,0.0,0.0,0.0
2565350770,0.0,0.0,0.0,0.777777777778,0.0,0.222222222222,0.0,0.0,0.0
1869088172,0.0,0.0,0.0,0.142857142857,0.714285714286,0.0,0.142857142857,0.0,0.0
2432989725,0.0,0.0,0.0,0.0,1.0,0.0,0.0,0.0,0.0
2403392314,0.0,0.0,0.25,0.0,0.75,0.0,0.0,0.0,0.0
2207701842,0.0906070673513,0.270009060707,0.261854424645,0.0782241014799,0.168831168831,0.0845665961945,0.0308064028994,0.0151011778919,0.0
1686377400,0.0,1.0,0.0,0.0,0.0,0.0,0.0,0.0,0.0
2830769462,0.0,0.0,1.0,0.0,0.0,0.0,0.0,0.0,0.0
1421074181,0.0,0.166666666667,0.333333333333,0.0,0.5,0.0,0.0,0.0,0.0
1816298595,0.25,0.0,0.5,0.0,0.25,0.0,0.0,0.0,0.0
2610104953,0.0,0.0,0.0,1.0,0.0,0.0,0.0,0.0,0.0
2772641082,0.2,0.0,0.0,0.0,0.6,0.2,0.0,0.0,0.0
2806781512,0.0,0.0,1.0,0.0,0.0,0.0,0.0,0.0,0.0
2810748791,0.0,0.0,0.0,0.0,0.25,0.75,0.0,0.0,0.0
1888723111,0.0906070673513,0.270009060707,0.261854424645,0.0782241014799,0.168831168831,0.0845665961945,0.0308064028994,0.0151011778919,0.0
1785108597,0.0,0.333333333333,0.0,0.0,0.333333333333,0.333333333333,0.0,0.0,0.0
1837464592,0.0,0.0,0.666666666667,0.0,0.333333333333,0.0,0.0,0.0,0.0
1989653225,0.0,0.0,0.0,0.0,0.8,0.2,0.0,0.0,0.0
2852809432,0.0,0.0,0.5,0.0,0.5,0.0,0.0,0.0,0.0
1802948731,0.0906070673513,0.270009060707,0.261854424645,0.0782241014799,0.168831168831,0.0845665961945,0.0308064028994,0.0151011778919,0.0
3154972237,0.0,0.0,0.142857142857,0.142857142857,0.428571428571,0.285714285714,0.0,0.0,0.0
1351012322,0.0,1.0,0.0,0.0,0.0,0.0,0.0,0.0,0.0
1868708977,0.0,1.0,0.0,0.0,0.0,0.0,0.0,0.0,0.0
2706812181,0.0,0.0,0.5,0.0,0.0,0.25,0.25,0.0,0.0
2817880744,0.0,0.0,0.0,0.0,0.0,1.0,0.0,0.0,0.0
2643917822,0.0,0.5,0.0,0.0,0.0,0.5,0.0,0.0,0.0
1680592964,0.0,0.0,0.0,0.4,0.0,0.6,0.0,0.0,0.0
2253173032,0.0,0.0,0.5,0.0,0.0,0.5,0.0,0.0,0.0
2790414212,0.0906070673513,0.270009060707,0.261854424645,0.0782241014799,0.168831168831,0.0845665961945,0.0308064028994,0.0151011778919,0.0
1130358012,0.0,0.0,1.0,0.0,0.0,0.0,0.0,0.0,0.0
2113154687,0.0,0.0,0.0,1.0,0.0,0.0,0.0,0.0,0.0
2103990263,0.0,0.5,0.5,0.0,0.0,0.0,0.0,0.0,0.0
1974837285,0.333333333333,0.0,0.0,0.166666666667,0.0,0.0,0.5,0.0,0.0
2724817811,0.0,0.5,0.333333333333,0.0,0.166666666667,0.0,0.0,0.0,0.0
2117364942,0.0,0.0,0.0,0.0,1.0,0.0,0.0,0.0,0.0
2369844762,0.25,0.0,0.0,0.0,0.75,0.0,0.0,0.0,0.0
1847867845,0.0,0.375,0.25,0.375,0.0,0.0,0.0,0.0,0.0
1847422905,0.0,0.0,0.0,0.0,0.0,0.666666666667,0.333333333333,0.0,0.0
2614249263,0.142857142857,0.142857142857,0.142857142857,0.142857142857,0.0,0.142857142857,0.285714285714,0.0,0.0
2521942483,0.0,0.4,0.4,0.0,0.0,0.0,0.2,0.0,0.0
1713394543,0.0,0.0,1.0,0.0,0.0,0.0,0.0,0.0,0.0
1513572131,0.0,1.0,0.0,0.0,0.0,0.0,0.0,0.0,0.0
3152717312,0.5,0.25,0.0,0.0,0.0,0.0,0.25,0.0,0.0
1361329393,0.363636363636,0.0909090909091,0.272727272727,0.181818181818,0.0909090909091,0.0,0.0,0.0,0.0
1701848840,0.0,0.4,0.2,0.0,0.1,0.3,0.0,0.0,0.0
1242491005,0.0,0.0,0.785714285714,0.0,0.0,0.214285714286,0.0,0.0,0.0
1998447080,0.0,0.0,1.0,0.0,0.0,0.0,0.0,0.0,0.0
2208003731,0.0769230769231,0.0,0.846153846154,0.0384615384615,0.0,0.0,0.0384615384615,0.0,0.0
2354397934,0.0,0.166666666667,0.0,0.166666666667,0.166666666667,0.166666666667,0.333333333333,0.0,0.0
2336791927,0.0,0.0,0.333333333333,0.0,0.333333333333,0.333333333333,0.0,0.0,0.0
1947767835,0.0906070673513,0.270009060707,0.261854424645,0.0782241014799,0.168831168831,0.0845665961945,0.0308064028994,0.0151011778919,0.0
1941342295,0.0,0.0,0.0,0.333333333333,0.0,0.0,0.666666666667,0.0,0.0
2535953562,0.0906070673513,0.270009060707,0.261854424645,0.0782241014799,0.168831168831,0.0845665961945,0.0308064028994,0.0151011778919,0.0
1889150792,0.0,0.5,0.5,0.0,0.0,0.0,0.0,0.0,0.0
1906817425,0.0,0.0,0.5,0.0,0.0,0.0,0.5,0.0,0.0
1143190977,0.0,0.0,1.0,0.0,0.0,0.0,0.0,0.0,0.0
2272536082,0.0,0.0,0.0,0.75,0.0,0.0,0.25,0.0,0.0
1613017723,0.0,0.5,0.5,0.0,0.0,0.0,0.0,0.0,0.0
1664408277,0.0,0.75,0.0,0.0,0.25,0.0,0.0,0.0,0.0
2136749667,0.0,0.5,0.166666666667,0.0,0.0,0.0,0.333333333333,0.0,0.0
1862622922,0.0,0.166666666667,0.333333333333,0.333333333333,0.166666666667,0.0,0.0,0.0,0.0
2502529240,0.142857142857,0.0,0.142857142857,0.142857142857,0.428571428571,0.142857142857,0.0,0.0,0.0
2246515967,0.0,0.0,0.5,0.0,0.0,0.5,0.0,0.0,0.0
1747643243,0.0,0.0,0.666666666667,0.0,0.0,0.0,0.333333333333,0.0,0.0
2958870623,0.5,0.5,0.0,0.0,0.0,0.0,0.0,0.0,0.0
1631057950,0.0,1.0,0.0,0.0,0.0,0.0,0.0,0.0,0.0
2917973407,0.0,0.5,0.5,0.0,0.0,0.0,0.0,0.0,0.0
2264428271,0.0,1.0,0.0,0.0,0.0,0.0,0.0,0.0,0.0
1973291605,0.0906070673513,0.270009060707,0.261854424645,0.0782241014799,0.168831168831,0.0845665961945,0.0308064028994,0.0151011778919,0.0
2096395595,0.0,0.0,0.0,0.0,1.0,0.0,0.0,0.0,0.0
1821796503,0.0,0.0,1.0,0.0,0.0,0.0,0.0,0.0,0.0
1827764573,0.444444444444,0.333333333333,0.111111111111,0.0,0.0,0.0,0.111111111111,0.0,0.0
2801593351,0.0,0.0833333333333,0.0,0.0,0.0833333333333,0.0,0.833333333333,0.0,0.0
1791371703,0.0,0.0,0.5,0.0,0.0,0.0,0.5,0.0,0.0
2730975234,0.0,1.0,0.0,0.0,0.0,0.0,0.0,0.0,0.0
2638269701,0.0,0.0,0.0,0.0,1.0,0.0,0.0,0.0,0.0
2896416914,0.25,0.25,0.0,0.0,0.0,0.0,0.5,0.0,0.0
1659428667,0.0,0.0,0.5,0.5,0.0,0.0,0.0,0.0,0.0
3164023035,0.0,0.0,0.0,0.0,1.0,0.0,0.0,0.0,0.0
2913981407,0.0,0.230769230769,0.230769230769,0.307692307692,0.0769230769231,0.0769230769231,0.0769230769231,0.0,0.0
2322899875,0.0,0.0,0.5,0.5,0.0,0.0,0.0,0.0,0.0
1827511317,0.0,0.333333333333,0.333333333333,0.0,0.0,0.0,0.333333333333,0.0,0.0
2160812927,0.0,0.0,1.0,0.0,0.0,0.0,0.0,0.0,0.0
1763496702,0.0906070673513,0.270009060707,0.261854424645,0.0782241014799,0.168831168831,0.0845665961945,0.0308064028994,0.0151011778919,0.0
2973026154,0.0,0.4,0.2,0.0,0.2,0.2,0.0,0.0,0.0
1676417930,0.0,0.0,0.4,0.6,0.0,0.0,0.0,0.0,0.0
1444566615,0.142857142857,0.047619047619,0.380952380952,0.047619047619,0.047619047619,0.190476190476,0.142857142857,0.0,0.0
1262724831,0.0,0.2,0.0,0.4,0.2,0.2,0.0,0.0,0.0
2427920275,0.666666666667,0.333333333333,0.0,0.0,0.0,0.0,0.0,0.0,0.0
1228476524,0.0,0.0,0.333333333333,0.333333333333,0.333333333333,0.0,0.0,0.0,0.0
1304008612,0.0,0.0,1.0,0.0,0.0,0.0,0.0,0.0,0.0
3091740701,0.0,0.5,0.0,0.0,0.0,0.5,0.0,0.0,0.0
3224357922,0.0906070673513,0.270009060707,0.261854424645,0.0782241014799,0.168831168831,0.0845665961945,0.0308064028994,0.0151011778919,0.0
1728987674,0.0,0.0,0.0,0.0,1.0,0.0,0.0,0.0,0.0
2695911600,0.0,0.25,0.166666666667,0.166666666667,0.0833333333333,0.25,0.0833333333333,0.0,0.0
3165880660,0.0,0.0,0.0,0.0,1.0,0.0,0.0,0.0,0.0
1585440861,0.0,0.1,0.4,0.2,0.0,0.3,0.0,0.0,0.0
3098514301,0.0,0.0,0.666666666667,0.0,0.333333333333,0.0,0.0,0.0,0.0
1401422865,0.0769230769231,0.384615384615,0.230769230769,0.0769230769231,0.153846153846,0.0,0.0769230769231,0.0,0.0
3341215330,0.0,0.0,0.0,0.0,0.0,1.0,0.0,0.0,0.0
2718526513,0.0,0.0,1.0,0.0,0.0,0.0,0.0,0.0,0.0
2630267160,0.0,0.333333333333,0.333333333333,0.0,0.333333333333,0.0,0.0,0.0,0.0
2659196643,0.0,0.0,0.0,0.0,0.0,1.0,0.0,0.0,0.0
1805130100,0.0906070673513,0.270009060707,0.261854424645,0.0782241014799,0.168831168831,0.0845665961945,0.0308064028994,0.0151011778919,0.0
1714337942,0.0,0.0,0.5,0.0,0.4,0.1,0.0,0.0,0.0
1817067173,0.0,1.0,0.0,0.0,0.0,0.0,0.0,0.0,0.0
1652049090,0.0,0.0,0.0714285714286,0.142857142857,0.0714285714286,0.0,0.714285714286,0.0,0.0
1359530197,0.0906070673513,0.270009060707,0.261854424645,0.0782241014799,0.168831168831,0.0845665961945,0.0308064028994,0.0151011778919,0.0
2013966904,0.0,0.166666666667,0.166666666667,0.166666666667,0.5,0.0,0.0,0.0,0.0
2022772663,0.0,0.5,0.0,0.5,0.0,0.0,0.0,0.0,0.0
2411295121,0.0,0.0,0.0,0.5,0.0,0.0,0.5,0.0,0.0
1878851452,0.0,0.0,0.0,0.0,1.0,0.0,0.0,0.0,0.0
2339192905,0.333333333333,0.0,0.5,0.0,0.0,0.166666666667,0.0,0.0,0.0
2716925725,0.0,0.0,0.0,0.0,0.0,1.0,0.0,0.0,0.0
3192180342,0.0906070673513,0.270009060707,0.261854424645,0.0782241014799,0.168831168831,0.0845665961945,0.0308064028994,0.0151011778919,0.0
1752733360,0.0,0.0,0.25,0.5,0.25,0.0,0.0,0.0,0.0
1906733225,0.0,0.5,0.0,0.0,0.0,0.5,0.0,0.0,0.0
1785976792,0.0,0.0,0.0,0.0,0.0,1.0,0.0,0.0,0.0
2210375590,0.0,0.0,0.166666666667,0.0,0.166666666667,0.666666666667,0.0,0.0,0.0
2218057087,0.0,0.0,0.0,0.0,0.5,0.5,0.0,0.0,0.0
1707881443,0.0,0.0,0.0,0.666666666667,0.333333333333,0.0,0.0,0.0,0.0
2571910710,0.111111111111,0.111111111111,0.111111111111,0.222222222222,0.0,0.333333333333,0.111111111111,0.0,0.0
2903477913,0.0,0.0,0.0,0.0,0.5,0.5,0.0,0.0,0.0
2140399895,0.0906070673513,0.270009060707,0.261854424645,0.0782241014799,0.168831168831,0.0845665961945,0.0308064028994,0.0151011778919,0.0
2644828083,0.0,0.0,0.25,0.0,0.0,0.0,0.75,0.0,0.0
2832828650,0.0,0.0,0.931034482759,0.0,0.0,0.0344827586207,0.0344827586207,0.0,0.0
2814752397,0.0906070673513,0.270009060707,0.261854424645,0.0782241014799,0.168831168831,0.0845665961945,0.0308064028994,0.0151011778919,0.0
2448082602,0.5,0.5,0.0,0.0,0.0,0.0,0.0,0.0,0.0
1741487741,0.0,0.0,0.0,1.0,0.0,0.0,0.0,0.0,0.0
1757386721,0.0,0.0,1.0,0.0,0.0,0.0,0.0,0.0,0.0
2675833701,1.0,0.0,0.0,0.0,0.0,0.0,0.0,0.0,0.0
1912602662,0.0,0.0,0.0,0.6,0.2,0.2,0.0,0.0,0.0
1372510681,0.0,0.166666666667,0.333333333333,0.0,0.333333333333,0.166666666667,0.0,0.0,0.0
3124455753,0.0,0.0,1.0,0.0,0.0,0.0,0.0,0.0,0.0
2309449173,0.0,0.333333333333,0.333333333333,0.0,0.0,0.0,0.333333333333,0.0,0.0
1745180290,0.0906070673513,0.270009060707,0.261854424645,0.0782241014799,0.168831168831,0.0845665961945,0.0308064028994,0.0151011778919,0.0
2561341187,0.0,0.8,0.2,0.0,0.0,0.0,0.0,0.0,0.0
1785587103,0.0,0.0,0.142857142857,0.571428571429,0.142857142857,0.0,0.142857142857,0.0,0.0
2402424174,0.2,0.1,0.2,0.1,0.4,0.0,0.0,0.0,0.0
1828697902,0.0906070673513,0.270009060707,0.261854424645,0.0782241014799,0.168831168831,0.0845665961945,0.0308064028994,0.0151011778919,0.0
1009405710,0.75,0.0,0.25,0.0,0.0,0.0,0.0,0.0,0.0
1630452315,0.0,0.0,0.0,0.5,0.0,0.5,0.0,0.0,0.0
2055509375,0.0,1.0,0.0,0.0,0.0,0.0,0.0,0.0,0.0
2257029027,0.0714285714286,0.285714285714,0.142857142857,0.142857142857,0.214285714286,0.142857142857,0.0,0.0,0.0
3187396657,0.0,0.0,0.666666666667,0.0,0.0,0.333333333333,0.0,0.0,0.0
1747876700,0.0,0.0,0.333333333333,0.333333333333,0.333333333333,0.0,0.0,0.0,0.0
2528459362,0.0,0.5,0.0,0.0,0.0,0.5,0.0,0.0,0.0
1822102310,0.333333333333,0.0,0.0,0.0,0.666666666667,0.0,0.0,0.0,0.0
2670699760,0.0,0.333333333333,0.0,0.0,0.333333333333,0.333333333333,0.0,0.0,0.0
1917528345,0.714285714286,0.0,0.0,0.0,0.285714285714,0.0,0.0,0.0,0.0
2715413601,0.25,0.0,0.25,0.25,0.25,0.0,0.0,0.0,0.0
2427135073,0.0,0.0769230769231,0.0769230769231,0.230769230769,0.230769230769,0.384615384615,0.0,0.0,0.0
1093552572,0.0,0.0,0.125,0.0,0.125,0.125,0.625,0.0,0.0
1714865565,0.0,0.0,0.5,0.0,0.0,0.0,0.5,0.0,0.0
3054725901,0.0,1.0,0.0,0.0,0.0,0.0,0.0,0.0,0.0
2623440157,0.0,1.0,0.0,0.0,0.0,0.0,0.0,0.0,0.0
2966300873,0.0,0.0,1.0,0.0,0.0,0.0,0.0,0.0,0.0
2130800155,0.375,0.0,0.625,0.0,0.0,0.0,0.0,0.0,0.0
1544483892,0.0,1.0,0.0,0.0,0.0,0.0,0.0,0.0,0.0
2709447741,0.0,0.0,1.0,0.0,0.0,0.0,0.0,0.0,0.0
1631786285,0.111111111111,0.555555555556,0.0,0.0,0.111111111111,0.111111111111,0.111111111111,0.0,0.0
2199716397,0.0,0.0,0.5,0.0,0.5,0.0,0.0,0.0,0.0
1717178103,0.0906070673513,0.270009060707,0.261854424645,0.0782241014799,0.168831168831,0.0845665961945,0.0308064028994,0.0151011778919,0.0
2821834280,0.5,0.0,0.0,0.0,0.5,0.0,0.0,0.0,0.0
1279023363,0.047619047619,0.047619047619,0.238095238095,0.285714285714,0.047619047619,0.333333333333,0.0,0.0,0.0
1655136275,0.0,1.0,0.0,0.0,0.0,0.0,0.0,0.0,0.0
2106597335,0.0,0.25,0.0,0.0,0.0,0.5,0.25,0.0,0.0
3178838240,0.333333333333,0.0,0.0,0.0,0.0,0.666666666667,0.0,0.0,0.0
1853750521,0.0,0.5,0.5,0.0,0.0,0.0,0.0,0.0,0.0
1586432443,0.0,0.333333333333,0.666666666667,0.0,0.0,0.0,0.0,0.0,0.0
1353942620,0.0,0.0,0.8,0.0,0.0,0.2,0.0,0.0,0.0
1696372317,0.0,0.5,0.0,0.0,0.5,0.0,0.0,0.0,0.0
1198649070,0.0,0.0,0.0,0.0,1.0,0.0,0.0,0.0,0.0
2213080505,0.0,0.333333333333,0.333333333333,0.333333333333,0.0,0.0,0.0,0.0,0.0
3204167305,0.142857142857,0.142857142857,0.714285714286,0.0,0.0,0.0,0.0,0.0,0.0
2640694584,0.0,0.0,0.75,0.0,0.0,0.25,0.0,0.0,0.0
1689211352,0.0,0.333333333333,0.333333333333,0.0,0.0,0.0,0.333333333333,0.0,0.0
1067564245,0.0,0.5,0.0,0.0,0.5,0.0,0.0,0.0,0.0
2303187535,0.0,0.0,0.0,0.25,0.0,0.75,0.0,0.0,0.0
2275533953,0.0,0.0,0.5,0.0,0.0,0.5,0.0,0.0,0.0
1149035224,0.0,1.0,0.0,0.0,0.0,0.0,0.0,0.0,0.0
1823586962,0.0,0.0,0.0,0.0,0.0,0.0,1.0,0.0,0.0
1746171492,0.0,0.2,0.4,0.0,0.0,0.4,0.0,0.0,0.0
2611909783,0.5,0.0,0.0,0.0,0.5,0.0,0.0,0.0,0.0
2770605382,0.0,0.0,1.0,0.0,0.0,0.0,0.0,0.0,0.0
2836264830,0.0906070673513,0.270009060707,0.261854424645,0.0782241014799,0.168831168831,0.0845665961945,0.0308064028994,0.0151011778919,0.0
1951083117,0.0769230769231,0.0,0.538461538462,0.0769230769231,0.0,0.230769230769,0.0769230769231,0.0,0.0
2377078151,0.2,0.2,0.0,0.2,0.2,0.2,0.0,0.0,0.0
3161859491,0.0,0.166666666667,0.5,0.0,0.0,0.166666666667,0.166666666667,0.0,0.0
2416628144,0.0,0.0,0.25,0.0,0.0,0.75,0.0,0.0,0.0
1716990407,0.0,0.0,0.666666666667,0.0,0.0,0.0,0.333333333333,0.0,0.0
1684593533,0.2,0.0,0.0,0.4,0.1,0.3,0.0,0.0,0.0
3127686344,0.0906070673513,0.270009060707,0.261854424645,0.0782241014799,0.168831168831,0.0845665961945,0.0308064028994,0.0151011778919,0.0
2249496385,0.0,0.111111111111,0.111111111111,0.555555555556,0.111111111111,0.111111111111,0.0,0.0,0.0
2904949690,0.0,0.0,0.0,0.0,1.0,0.0,0.0,0.0,0.0
1652187672,0.0,0.142857142857,0.285714285714,0.0,0.285714285714,0.285714285714,0.0,0.0,0.0
1489958432,0.0,0.2,0.4,0.0,0.2,0.2,0.0,0.0,0.0
1843975422,0.0,0.142857142857,0.571428571429,0.0,0.0,0.142857142857,0.142857142857,0.0,0.0
2564189881,0.0,0.571428571429,0.285714285714,0.142857142857,0.0,0.0,0.0,0.0,0.0
1655219125,0.166666666667,0.333333333333,0.5,0.0,0.0,0.0,0.0,0.0,0.0
2405278354,0.0,0.0,1.0,0.0,0.0,0.0,0.0,0.0,0.0
2145433191,0.0,0.125,0.0,0.0,0.375,0.5,0.0,0.0,0.0
1566232913,0.888888888889,0.111111111111,0.0,0.0,0.0,0.0,0.0,0.0,0.0
2132742033,0.0,0.5,0.5,0.0,0.0,0.0,0.0,0.0,0.0
2553102145,0.0,0.5,0.0,0.5,0.0,0.0,0.0,0.0,0.0
2522108025,0.0,1.0,0.0,0.0,0.0,0.0,0.0,0.0,0.0
1371884474,0.0,0.0,0.0,0.666666666667,0.333333333333,0.0,0.0,0.0,0.0
2105354510,0.0906070673513,0.270009060707,0.261854424645,0.0782241014799,0.168831168831,0.0845665961945,0.0308064028994,0.0151011778919,0.0
3056988735,0.0,0.0,0.2,0.4,0.0,0.4,0.0,0.0,0.0
3018142421,0.0,0.0,0.0,0.25,0.5,0.0,0.25,0.0,0.0
1868961154,0.0,0.0,0.0,0.0,1.0,0.0,0.0,0.0,0.0
1095348972,0.333333333333,0.666666666667,0.0,0.0,0.0,0.0,0.0,0.0,0.0
1655718884,0.0,0.111111111111,0.222222222222,0.333333333333,0.0,0.333333333333,0.0,0.0,0.0
1653272323,0.0,0.0,1.0,0.0,0.0,0.0,0.0,0.0,0.0
1977642431,0.0,0.5,0.0,0.0,0.5,0.0,0.0,0.0,0.0
1768312481,0.0,0.0,0.0,0.0,1.0,0.0,0.0,0.0,0.0
2354851307,0.0,0.0,0.25,0.0,0.5,0.25,0.0,0.0,0.0
2537754962,0.0,0.25,0.25,0.0625,0.0625,0.375,0.0,0.0,0.0
